สินค้าส่งออกสำคัญของไทยตามโครงสร้างสินค้าส่งออก,,,,,,,,,,,,
โลก,,,,,,,,,,,,
,มูลค่า : ล้านบาท,,,,อัตราการขยายตัว(%),,,,สัดส่วน (%),,,
สินค้า,2560,2561,2561,2562,2560,2561,2561,2562,2560,2561,2561,2562
,,,(ม.ค.-พ.ค.),(ม.ค.-พ.ค.),,,(ม.ค.-พ.ค.),(ม.ค.-พ.ค.),,,(ม.ค.-พ.ค.),(ม.ค.-พ.ค.)
รวมทุกสินค้า,"8,006,265.2","8,108,299.8","3,292,868.5","3,204,469.5",6.03,1.27,1.49,-2.68,100.00,100.00,100.00,100.00
" 1. สินค้าเกษตรกรรม (กสิกรรม,ปศุสัตว์,ประมง)","777,083.6","744,433.5","302,716.9","302,419.3",13.78,-4.20,-6.65,-0.10,9.71,9.18,9.19,9.44
  1.1 สินค้ากสิกรรม,"593,307.8","555,429.8","229,839.9","228,556.5",17.50,-6.38,-9.15,-0.56,7.41,6.85,6.98,7.13
   1.1.1 ข้าว,"175,160.8","182,081.7","71,853.3","62,417.5",13.23,3.95,10.22,-13.13,2.19,2.25,2.18,1.95
    (1) ข้าวขาว,"61,892.1","78,390.0","29,110.5","23,462.6",4.25,26.66,10.50,-19.40,0.77,0.97,0.88,0.73
     (1.1) ข้าวขาว 100%,"14,596.9","13,117.7","4,437.0","6,228.8",57.05,-10.13,-26.64,40.38,0.18,0.16,0.13,0.19
     (1.2) ข้าวขาว 5-10%,"24,959.5","41,687.2","16,813.3","10,157.8",-29.65,67.02,30.66,-39.58,0.31,0.51,0.51,0.32
     (1.3) ข้าวขาว 15-20%,"1,122.4","2,377.3",927.3,322.7,-74.02,111.80,81.45,-65.20,0.01,0.03,0.03,0.01
     (1.4) ข้าวขาว 25-35%,669.4,"7,269.0",381.9,"1,728.8",-93.00,985.97,62.63,352.73,0.01,0.09,0.01,0.05
     (1.5) ข้าวขาว 40-45%,,,,,,,,,,,,
     (1.6) ข้าวขาวอื่นๆ,"20,544.0","13,938.8","6,551.0","5,024.5","2,829.26",-32.15,-1.96,-23.30,0.26,0.17,0.20,0.16
    (2) ข้าวหอมมะลิ,"42,049.1","45,306.2","18,377.7","17,122.1",-0.64,7.75,17.06,-6.83,0.53,0.56,0.56,0.53
     (2.1) ข้าวหอมมะลิ 100%,"41,839.1","45,015.2","18,215.9","17,045.7",-0.11,7.59,16.65,-6.42,0.52,0.56,0.55,0.53
     (2.2) ข้าวหอมมะลิ 5-10%,184.4,261.9,148.7,74.3,-56.98,42.03,104.05,-50.07,0.00,0.00,0.00,0.00
     (2.3) ข้าวหอมมะลิ 15-20%,25.6,29.1,13.0,2.2,333.54,13.90,28.92,-83.45,0.00,0.00,0.00,0.00
    (3) ปลายข้าว,"20,025.2","15,910.1","6,815.5","6,024.6",11.44,-20.55,-14.90,-11.60,0.25,0.20,0.21,0.19
     (3.1) ปลายข้าวขาว,"5,416.1","6,510.8","3,123.2","2,226.1",83.64,20.21,163.44,-28.72,0.07,0.08,0.09,0.07
     (3.2) ปลายข้าวหอมมะลิ,"8,682.4","5,475.2","2,175.8","2,395.7",-19.52,-36.94,-51.49,10.11,0.11,0.07,0.07,0.07
     (3.3) ปลายข้าวอื่น ๆ,"5,926.7","3,924.1","1,516.5","1,402.8",40.03,-33.79,-35.16,-7.49,0.07,0.05,0.05,0.04
    (4) ข้าวเหนียว,"4,457.1","3,894.0","2,182.7","1,386.4",8.11,-12.63,7.09,-36.48,0.06,0.05,0.07,0.04
    (5) ข้าวนึ่ง,"44,728.2","36,324.2","14,586.8","13,539.3",54.29,-18.79,18.26,-7.18,0.56,0.45,0.44,0.42
    (6) ข้าวกล้อง,"2,004.1","2,255.0",778.1,882.5,4.38,12.52,1.82,13.42,0.03,0.03,0.02,0.03
     (6.1) ข้าวกล้องขาว,238.0,320.9,145.4,164.1,-3.83,34.85,80.80,12.91,0.00,0.00,0.00,0.01
     (6.2) ข้าวกล้องหอมมะลิ,683.5,778.0,347.9,251.9,-18.92,13.82,3.38,-27.60,0.01,0.01,0.01,0.01
     (6.3) ข้าวกล้องอื่น ๆ,"1,082.6","1,156.1",284.8,466.5,30.49,6.79,-17.99,63.78,0.01,0.01,0.01,0.01
    (7) ข้าวอื่นๆ,5.1,2.0,2.0,0.0,563.96,-60.08,9.42,-100.00,0.00,0.00,0.00,0.00
   1.1.2 ข้าวโพด,"6,388.8","3,844.8","1,586.4","1,216.2",-5.03,-39.82,-61.88,-23.34,0.08,0.05,0.05,0.04
    (1) ข้าวโพดสำหรับบริโภค,35.7,87.1,2.4,2.0,324.66,143.94,-92.66,-14.93,0.00,0.00,0.00,0.00
    (2) ข้าวโพดสำหรับเลี้ยงสัตว์,"2,321.7",685.4,131.5,4.4,-52.02,-70.48,-92.32,-96.65,0.03,0.01,0.00,0.00
    (3) ข้าวโพดสำหรับทำพันธุ์,"2,267.3","1,883.7",944.4,"1,181.1",21.52,-16.92,-31.31,25.07,0.03,0.02,0.03,0.04
    (4) ข้าวโพดอื่น ๆ,"1,764.2","1,188.6",508.1,28.6,"12,950.82",-32.63,-51.28,-94.37,0.02,0.01,0.02,0.00
   1.1.3 ถั่ว,"1,848.1","1,240.1",636.0,675.1,26.30,-32.90,-39.40,6.14,0.02,0.02,0.02,0.02
    (1) ถั่วเขียวผิวมัน,635.6,500.2,254.7,170.6,22.76,-21.30,-15.85,-32.99,0.01,0.01,0.01,0.01
    (2) ถั่วเขียวผิวดำ,289.3,91.5,27.2,63.7,59.43,-68.38,-87.28,134.28,0.00,0.00,0.00,0.00
    (3) ถั่วนิ้วนางแดง,94.5,14.1,13.5,16.2,12.78,-85.10,-80.21,20.31,0.00,0.00,0.00,0.00
    (4) ถั่วอื่น ๆ,828.8,634.3,340.7,424.5,21.82,-23.47,-26.74,24.61,0.01,0.01,0.01,0.01
   1.1.4 ผลิตภัณฑ์มันสำปะหลัง,"95,544.9","99,798.3","44,497.3","41,401.9",-7.47,4.45,8.76,-6.96,1.19,1.23,1.35,1.29
    (1) มันสำปะหลังอัดเม็ดและมันเส้น,"36,733.8","28,512.5","16,930.7","11,053.3",-6.32,-22.38,2.83,-34.71,0.46,0.35,0.51,0.34
     (1.1) มันสำปะหลังอัดเม็ด,199.6,88.6,41.0,45.9,152.87,-55.63,37.73,11.91,0.00,0.00,0.00,0.00
     (1.2) มันเส้น,"36,534.1","28,423.9","16,889.7","11,007.4",-6.65,-22.20,2.76,-34.83,0.46,0.35,0.51,0.34
    (2) แป้งมันสำปะหลัง,"35,305.3","44,671.2","17,208.7","19,241.4",-11.83,26.53,17.67,11.81,0.44,0.55,0.52,0.60
     (2.1) แป้งมันสำปะหลัง,927.7,"1,412.5",580.9,291.9,31.80,52.26,2.46,-49.74,0.01,0.02,0.02,0.01
     (2.2) แป้งหยาบทำจากมันสำปะหลัง,0.5,0.5,0.5,0.0,-98.07,-2.38,"1,116.62",-90.63,0.00,0.00,0.00,0.00
     (2.3) สตาร์ชทำจากมันสำปะหลัง,"34,377.1","43,258.1","16,627.4","18,949.4",-12.43,25.83,18.28,13.96,0.43,0.53,0.50,0.59
     (2.4) แป้งมันสำปะหลังอื่น ๆ,0.0,,,,-99.99,,,,0.00,,,
    (3) เด๊กตรินและโมดิไฟด์สตาร์ชอื่น ๆ,"20,973.1","24,494.1","9,598.0","10,235.9",-2.04,16.79,9.73,6.65,0.26,0.30,0.29,0.32
    (4) ผลิตภัณท์มันสำปะหลัง อื่น ๆ,"2,532.6","2,120.5",759.9,871.4,-2.39,-16.27,-29.51,14.68,0.03,0.03,0.02,0.03
     (4.1) หัวมันสำปะหลัง,0.2,0.1,0.1,0.3,-86.99,-57.78,-47.85,289.64,0.00,0.00,0.00,0.00
     (4.2) สาคู ทำจากแป้งมันสำปะหลัง,737.5,944.1,352.2,440.1,-13.09,28.01,11.36,24.96,0.01,0.01,0.01,0.01
     (4.3) กากและมันสำปะหลังอื่น ๆ,"1,794.9","1,176.3",407.6,431.0,2.90,-34.46,-46.48,5.75,0.02,0.01,0.01,0.01
   1.1.5 ผลไม้สด แช่เย็น แช่แข็งและแห้ง,"76,700.5","85,181.8","33,085.5","52,613.9",40.75,11.06,11.78,59.02,0.96,1.05,1.00,1.64
    (1) ผลไม้สด,"56,841.1","62,207.6","26,824.1","44,830.1",46.90,9.44,7.34,67.13,0.71,0.77,0.81,1.40
     (1.1) ลำไยสด,"20,998.4","17,219.3","6,981.7","9,225.6",83.31,-18.00,-23.38,32.14,0.26,0.21,0.21,0.29
     (1.2) ทุเรียนสด,"22,098.4","30,187.0","13,833.1","23,887.7",26.24,36.60,30.16,72.69,0.28,0.37,0.42,0.75
     (1.3) มะม่วงสด,"1,330.7","2,017.0","1,281.0","1,239.8",8.75,51.58,46.30,-3.22,0.02,0.02,0.04,0.04
     (1.4) ลิ้นจี่สด,135.0,44.9,36.9,28.6,37.50,-66.73,-70.10,-22.47,0.00,0.00,0.00,0.00
     (1.5) กล้วยสด,467.3,725.4,254.0,281.6,41.73,55.25,34.08,10.87,0.01,0.01,0.01,0.01
     (1.6) ผลไม้จำพวกส้ม สด,76.2,41.9,21.7,10.3,-85.98,-45.00,-60.45,-52.54,0.00,0.00,0.00,0.00
     (1.7) เงาะสด,183.2,170.1,71.7,91.8,63.53,-7.13,21.47,28.12,0.00,0.00,0.00,0.00
     (1.8) มังคุดสด,"7,436.2","7,271.2","2,151.4","7,865.3",74.00,-2.22,0.17,265.59,0.09,0.09,0.07,0.25
     (1.9) สับปะรดสด,151.5,281.0,120.7,158.0,594.80,85.46,226.65,30.92,0.00,0.00,0.00,0.00
     (1.10) ผลไม้สดอื่น ๆ,"3,964.2","4,249.7","2,072.0","2,041.3",26.62,7.20,17.52,-1.48,0.05,0.05,0.06,0.06
    (2) ผลไม้แช่แข็ง,"3,078.9","5,793.2","1,656.1","1,924.1",8.79,88.16,109.91,16.18,0.04,0.07,0.05,0.06
     (2.1) สับปะรดแช่เย็นจนแข็ง,89.2,38.3,12.6,63.4,2.36,-57.05,-64.98,404.86,0.00,0.00,0.00,0.00
     (2.2) ทุเรียนแช่เย็นจนแข็ง,"2,275.6","4,648.5","1,361.1","1,274.3",4.86,104.27,170.11,-6.38,0.03,0.06,0.04,0.04
     (2.3) ลำไยแช่เย็นจนแข็ง,2.3,3.3,1.6,3.4,-56.17,39.82,-4.68,115.79,0.00,0.00,0.00,0.00
     (2.4) ผลไม้แช่เย็นจนแข็งอื่น ๆ,711.7,"1,103.1",280.9,582.9,25.40,54.99,13.48,107.51,0.01,0.01,0.01,0.02
    (3) ผลไม้แห้ง,"13,655.0","13,036.7","2,988.0","3,902.6",31.61,-4.53,11.32,30.61,0.17,0.16,0.09,0.12
     (3.1) ลำไยแห้ง,"11,118.3","10,504.2","2,002.9","2,790.3",31.70,-5.52,21.12,39.31,0.14,0.13,0.06,0.09
     (3.2) ผลไม้แห้งอื่น ๆ,"2,536.7","2,532.5",985.1,"1,112.3",31.20,-0.17,-4.40,12.92,0.03,0.03,0.03,0.03
    (4) ผลไม้อื่น ๆ,"3,125.5","4,144.4","1,617.3","1,957.1",20.60,32.60,42.48,21.02,0.04,0.05,0.05,0.06
   1.1.6 ผักสด แช่เย็น แช่แข็งและแห้ง,"8,979.1","9,719.9","3,990.9","4,296.4",11.22,8.25,7.01,7.66,0.11,0.12,0.12,0.13
    (1) ผักสดหรือแช่เย็น,"3,841.7","4,083.8","1,798.0","1,844.1",4.83,6.30,10.42,2.56,0.05,0.05,0.05,0.06
     (1.1) หน่อไม้ฝรั่งสดหรือแช่เย็น,169.2,174.8,77.3,69.6,9.13,3.35,-6.64,-10.00,0.00,0.00,0.00,0.00
     (1.2) หอมหัวใหญ่ หอมหัวเล็ก กระเทียม สดหรือแช่เย็น,298.1,275.6,205.0,186.5,16.21,-7.55,-9.15,-9.01,0.00,0.00,0.01,0.01
     (1.3) พริกสดหรือแช่เย็น,367.5,536.2,252.1,169.9,170.47,45.88,160.77,-32.61,0.00,0.01,0.01,0.01
     (1.4) ข้าวโพดอ่อนสดหรือแช่เย็น,155.8,150.0,61.0,63.4,8.86,-3.71,-7.97,4.02,0.00,0.00,0.00,0.00
     (1.5) กระเจี๊ยบสดหรือแช่เย็น,276.6,311.2,143.8,162.0,-8.76,12.53,-2.47,12.63,0.00,0.00,0.00,0.01
     (1.6) เห็ดสดหรือแช่เย็น,148.0,149.3,61.1,57.4,-7.85,0.92,-4.31,-6.06,0.00,0.00,0.00,0.00
     (1.7) ผักสดหรือแช่เย็นอื่น ๆ,"2,426.5","2,486.6",997.7,"1,135.3",-3.34,2.48,5.51,13.79,0.03,0.03,0.03,0.04
    (2) ผักแช่แข็ง,"3,825.1","3,802.6","1,587.0","1,624.9",2.64,-0.59,3.21,2.39,0.05,0.05,0.05,0.05
     (2.1) พืชผักตระกูลถั่ว แช่แข็ง,"2,284.6","2,178.9",976.9,985.6,-3.27,-4.63,3.24,0.89,0.03,0.03,0.03,0.03
     (2.2) ข้าวโพดหวานแช่แข็ง,844.1,830.3,280.1,310.8,10.03,-1.64,-11.48,10.95,0.01,0.01,0.01,0.01
     (2.3) กระเจี๊ยบแช่แข็ง,109.9,126.8,64.3,63.3,-2.61,15.44,19.17,-1.56,0.00,0.00,0.00,0.00
     (2.4) ผักต่าง ๆ ผสมกัน แช่แข็ง,133.9,152.6,70.1,44.1,50.22,13.95,34.92,-37.12,0.00,0.00,0.00,0.00
     (2.5) ผักแช่แข็งอื่น ๆ,452.7,514.1,195.5,221.1,14.42,13.55,15.66,13.07,0.01,0.01,0.01,0.01
    (3) ผักแห้ง,947.6,"1,385.5",462.3,703.2,164.81,46.22,15.59,52.11,0.01,0.02,0.01,0.02
    (4) ผักอื่น ๆ,364.7,448.1,143.6,124.2,12.61,22.85,-12.16,-13.47,0.00,0.01,0.00,0.00
   1.1.7 เครื่องเทศและสมุนไพร,"6,530.9","6,900.5","2,287.0","2,828.8",63.85,5.66,-8.18,23.69,0.08,0.09,0.07,0.09
    (1) พริกไทย,56.5,133.8,28.3,60.6,-2.05,136.79,17.86,114.28,0.00,0.00,0.00,0.00
     (1.1) พริกไทยไม่บดหรือไม่ป่น,20.7,35.7,7.2,41.4,-25.00,72.88,-38.00,479.12,0.00,0.00,0.00,0.00
     (1.2) พริกไทยบดหรือป่น,35.8,98.1,21.1,19.2,18.95,173.64,69.52,-9.13,0.00,0.00,0.00,0.00
    (2) มะขามเปียก,,,,,,,,,,,,
    (3) เครื่องเทศ,"4,446.7","3,837.2",951.9,"1,385.3",155.09,-13.71,-41.90,45.53,0.06,0.05,0.03,0.04
"     (3.1) พริกในตระกูลแคปซีกัม, พิเมนตา (แห้ง/ป่น)",525.9,619.3,191.1,376.4,11.61,17.77,-14.31,96.89,0.01,0.01,0.01,0.01
     (3.2) วานิลา,2.6,41.0,7.0,17.1,0.31,"1,466.54",634.82,145.95,0.00,0.00,0.00,0.00
     (3.3) กานพลู,0.0,0.3,0.3,,-87.94,"2,032.31","2,031.54",,0.00,0.00,0.00,
     (3.4) อบเชยและดอกอบเชย,6.1,5.8,2.3,3.1,-1.93,-4.71,27.60,32.37,0.00,0.00,0.00,0.00
     (3.5) ลูกจันทน์เทศ ดอกจันทน์เทศและกระวาน,0.4,0.2,0.0,0.1,-72.96,-46.00,113.22,8.88,0.00,0.00,0.00,0.00
     (3.6) เมล็ดยี่หร่า โป๊ยกั๊ก เทียนข้าวเปลือก ฯลฯ,18.0,10.8,2.2,1.8,-3.94,-39.97,-63.44,-17.65,0.00,0.00,0.00,0.00
     (3.7) ขิง หญ้าฝรั่น ขมิ้น ไทม์ ใบเบย์ หอมแขก และเครื่องเทศอื่น ๆ,"3,893.7","3,159.8",749.0,986.9,213.31,-18.85,-46.75,31.76,0.05,0.04,0.02,0.03
    (4) สมุนไพร,440.9,349.2,130.4,146.6,-28.14,-20.80,-38.06,12.45,0.01,0.00,0.00,0.00
    (5) สารสกัดจากสมุนไพร,408.5,387.0,181.8,138.4,28.01,-5.27,-14.02,-23.87,0.01,0.00,0.01,0.00
    (6) หมาก,"1,178.2","2,193.2",994.6,"1,097.9",-5.92,86.15,144.80,10.38,0.01,0.03,0.03,0.03
   1.1.8 กล้วยไม้,"2,786.3","2,823.1","1,134.1","1,169.1",9.07,1.32,-4.82,3.09,0.03,0.03,0.03,0.04
    (1) ดอกกล้วยไม้,"2,222.9","2,287.0",920.4,946.6,-3.66,2.89,-1.92,2.85,0.03,0.03,0.03,0.03
    (2) ต้นกล้วยไม้(พันต้น),563.4,536.1,213.7,222.5,127.91,-4.85,-15.54,4.13,0.01,0.01,0.01,0.01
   1.1.9 ยางพารา,"204,556.4","147,343.4","64,555.3","55,446.5",31.31,-27.97,-34.65,-14.11,2.55,1.82,1.96,1.73
    (1) ยางแผ่น,"48,739.0","28,894.6","13,412.5","10,372.1",55.27,-40.72,-36.12,-22.67,0.61,0.36,0.41,0.32
     (1.1) ยางแผ่นรมควัน ชั้นที่ 1,462.8,331.4,161.1,139.4,37.43,-28.41,28.57,-13.43,0.01,0.00,0.00,0.00
     (1.2) ยางแผ่นรมควัน ชั้นที่ 2,439.9,363.0,133.4,122.3,8.56,-17.48,-35.17,-8.39,0.01,0.00,0.00,0.00
     (1.3) ยางแผ่นรมควัน ชั้นที่ 3,"44,592.1","26,090.6","12,165.3","9,265.9",60.69,-41.49,-35.72,-23.83,0.56,0.32,0.37,0.29
     (1.4) ยางแผ่นรมควัน ชั้นที่ 4,"3,025.4","1,984.0",899.5,805.1,12.46,-34.42,-45.01,-10.48,0.04,0.02,0.03,0.03
     (1.5) ยางแผ่นรมควัน ชั้นที่ 5,,,,,,,,,,,,
     (1.6) ยางแผ่นผึ่งแห้ง,218.7,125.6,53.2,39.4,8.27,-42.57,-49.65,-25.95,0.00,0.00,0.00,0.00
     (1.7) ยางแผ่นไม่รมควัน ยางแผ่นดิบ,,,,0.0,,,,,,,,0.00
    (2) ยางแท่ง,"98,117.1","71,144.4","29,568.9","28,714.2",18.65,-27.49,-44.55,-2.89,1.23,0.88,0.90,0.90
     (2.1) ยางธรรมชาติที่กำหนดไว้ในทางเทคนิค,"93,217.0","67,431.0","27,942.3","27,347.3",16.93,-27.66,-45.81,-2.13,1.16,0.83,0.85,0.85
     (2.2) ยางแท่งชั้น 5,,,,,,,,,,,,
     (2.3) ทีทีอาร์ เอศเอ็มอาร์ ไอเอสอาร์ เอสเอสอาร์ ไดแน็ท ฯลฯ,,,,,,,,,,,,
     (2.4) ยางแท่งอื่น ๆ,"4,900.1","3,713.4","1,626.6","1,366.9",64.83,-24.22,-7.33,-15.97,0.06,0.05,0.05,0.04
    (3) น้ำยางข้น,"51,760.5","43,352.6","19,385.0","15,629.0",29.69,-16.24,-18.03,-19.38,0.65,0.53,0.59,0.49
    (4) ยางพาราอื่น ๆ,"5,939.8","3,951.7","2,188.9",731.2,231.98,-33.47,169.14,-66.59,0.07,0.05,0.07,0.02
     (4.2) ในลักษณะขั้นปฐม,"2,813.9","2,720.6","1,598.8",645.4,113.20,-3.32,153.36,-59.63,0.04,0.03,0.05,0.02
     (4.3) ยางเครฟ,"3,066.0","1,173.0",549.6,84.3,961.31,-61.74,221.09,-84.66,0.04,0.01,0.02,0.00
     (4.4) อื่น ๆ,59.9,58.1,40.5,1.6,-66.81,-2.99,264.88,-96.09,0.00,0.00,0.00,0.00
   1.1.10 กาแฟ,100.4,137.1,48.1,50.9,-18.12,36.60,-5.27,5.80,0.00,0.00,0.00,0.00
    (1) กาแฟดิบ,60.5,92.3,34.9,34.1,-10.72,52.41,37.41,-2.54,0.00,0.00,0.00,0.00
    (2) กาแฟคั่ว,39.8,44.8,13.2,16.9,-27.29,12.56,-48.04,27.93,0.00,0.00,0.00,0.00
   1.1.11 ใบยาสูบ,"2,081.2","1,944.9",408.0,299.4,3.09,-6.55,-37.30,-26.62,0.03,0.02,0.01,0.01
    (1) พันธุ์เวอร์จิเนีย,213.0,227.7,1.6,1.3,-30.96,6.89,-93.23,-18.56,0.00,0.00,0.00,0.00
    (2) พันธุ์เบอร์เลย์,"1,098.8",985.8,128.1,72.6,-5.82,-10.28,-55.65,-43.33,0.01,0.01,0.00,0.00
    (3) พันธุ์โอเรียนตอล,744.3,727.6,274.5,210.3,59.68,-2.24,-18.04,-23.38,0.01,0.01,0.01,0.01
    (4) เศษใบยาสูบและอื่นๆ,25.0,3.7,3.7,15.1,-67.65,-85.05,43.27,307.68,0.00,0.00,0.00,0.00
   1.1.12 พืชน้ำมัน,"2,143.1","3,102.7","1,259.9","1,383.1",3.93,44.78,57.08,9.79,0.03,0.04,0.04,0.04
    (1) ปาล์มน้ำมัน,169.8,344.9,231.2,96.5,-15.31,103.18,245.70,-58.27,0.00,0.00,0.01,0.00
    (2) พืชน้ำมันอื่น ๆ,"1,973.3","2,757.8","1,028.7","1,286.7",6.00,39.75,39.92,25.08,0.02,0.03,0.03,0.04
   1.1.14 เมล็ดมะม่วงหิมพานต์,699.1,633.7,308.0,255.1,88.12,-9.35,-18.60,-17.18,0.01,0.01,0.01,0.01
   1.1.15 ธัญญพืช,458.3,408.0,187.5,163.7,9.09,-10.97,-16.94,-12.69,0.01,0.01,0.01,0.01
    (1) ลูกเดือยทั้งเปลือก,123.8,146.1,74.2,62.0,-16.86,18.05,-6.67,-16.41,0.00,0.00,0.00,0.00
    (2) รำและเศษจากธัญญพืช,215.8,117.0,52.5,33.3,66.92,-45.80,-35.72,-36.68,0.00,0.00,0.00,0.00
    (3) ธัญญพืชอื่น ๆ,118.7,144.9,60.8,68.4,-16.37,22.08,-5.79,12.59,0.00,0.00,0.00,0.00
   1.1.16 เมล็ด ผลและสปอร์ ชนิดที่ใช้ในการเพาะปลูก,"4,082.4","4,437.0","1,690.9","1,919.7",25.42,8.68,11.58,13.53,0.05,0.05,0.05,0.06
   1.1.17 ครั่ง,76.0,113.9,57.5,63.2,-4.78,49.79,64.71,9.91,0.00,0.00,0.00,0.00
   1.1.18 ฝ้าย,331.7,232.9,94.7,74.2,16.40,-29.78,-39.72,-21.66,0.00,0.00,0.00,0.00
   1.1.19 สินค้ากสิกรรมอื่น ๆ,"4,840.0","5,486.2","2,159.6","2,281.8",-8.71,13.35,5.31,5.66,0.06,0.07,0.07,0.07
  1.2 สินค้าประมง,"71,515.1","63,393.4","24,826.3","22,063.6",0.99,-11.36,-8.29,-11.13,0.89,0.78,0.75,0.69
   1.2.1 กุ้ง,"38,148.7","33,164.1","11,830.5","10,691.1",3.42,-13.07,-8.39,-9.63,0.48,0.41,0.36,0.33
    (1) กุ้งสด แช่เย็น แช่แข็ง,"33,446.8","24,662.2","8,645.0","7,554.9",-1.94,-26.26,-25.67,-12.61,0.42,0.30,0.26,0.24
     (1.1) กุ้งกุลาดำสด แช่เย็น แช่แข็ง,"1,001.6",753.1,243.1,245.0,-43.68,-24.81,-50.76,0.78,0.01,0.01,0.01,0.01
     (1.2) กุ้งก้ามกรามสด แช่เย็น แช่แข็ง,463.2,506.2,159.0,173.4,-5.12,9.28,-40.95,9.05,0.01,0.01,0.00,0.01
     (1.3) กุ้งอื่น ๆ สด แช่เย็น แช่แข็ง,"31,981.9","23,402.9","8,242.8","7,136.5",0.44,-26.82,-24.15,-13.42,0.40,0.29,0.25,0.22
    (2) กุ้งแห้ง ใส่เกลือหรือแช่น้ำเกลือ รมควัน,0.0,0.1,0.0,0.1,-99.99,191.58,-70.89,"1,011.59",0.00,0.00,0.00,0.00
    (3) กุ้งต้มสุกแช่เย็น,"1,997.5","5,094.5","1,620.8","1,133.2",,155.05,,-30.09,0.02,0.06,0.05,0.04
    (4) กุ้งอื่น ๆ,"2,704.4","3,407.2","1,564.7","2,003.0",13.23,25.99,21.93,28.01,0.03,0.04,0.05,0.06
   1.2.2 ปลาหมึก,"12,006.9","10,950.2","4,867.4","4,167.2",16.49,-8.80,-8.59,-14.38,0.15,0.14,0.15,0.13
    (1) ปลาหมึก มีชีวิต สด แช่เย็น แช่แข็ง,"11,738.3","10,594.3","4,719.1","4,118.1",17.19,-9.75,-9.44,-12.74,0.15,0.13,0.14,0.13
    (2) ปลาหมึก แห้ง ใส่เกลือหรือแช่น้ำเกลือ รมควัน                            ,268.6,355.8,148.2,49.2,-7.63,32.48,30.74,-66.83,0.00,0.00,0.00,0.00
   1.2.3 ปลา,"18,897.5","17,433.9","7,473.7","6,376.9",-7.06,-7.75,-5.91,-14.68,0.24,0.22,0.23,0.20
    (1) เนื้อปลาสด แช่เย็น แช่แข็ง,"8,443.2","8,263.5","3,429.7","3,120.8",-14.91,-2.13,-3.24,-9.01,0.11,0.10,0.10,0.10
    (2) ปลาสด แช่เย็น แช่แข็ง,"6,504.7","5,651.3","2,526.9","2,007.6",11.49,-13.12,-1.88,-20.55,0.08,0.07,0.08,0.06
    (3) ปลาแห้งและส่วนต่าง ๆ แห้ง ใส่เกลือหรือรมควัน(เมตริกตัน),"3,072.5","2,557.2","1,090.0",870.3,-16.96,-16.77,-25.95,-20.16,0.04,0.03,0.03,0.03
    (4) ปลามีชีวิต และพันธุ์ปลา,877.1,961.9,427.1,378.2,0.21,9.66,21.71,-11.44,0.01,0.01,0.01,0.01
   1.2.4 สัตว์น้ำจำพวกครัสตาเซียและโมลลุสก์ อื่น ๆ,"1,255.3","1,144.9",374.3,423.8,-60.02,-8.79,6.56,13.22,0.02,0.01,0.01,0.01
    (1) ปู สด แช่เย็น แช่แข็ง นึ่งหรือต้ม,877.3,726.7,226.3,293.4,10.16,-17.16,-14.21,29.65,0.01,0.01,0.01,0.01
    (2) หอย มีชีวิต สด แช่เย็น แช่แข็ง แห้ง ใส่เกลือหรือแช่น้ำเกลือ รมควัน ,304.6,337.5,113.5,91.8,-85.73,10.80,76.72,-19.10,0.00,0.00,0.00,0.00
    (3) สัตว์น้ำจำพวกครัสตาเซียและโมลลุสก์ อื่น ๆ อื่น ๆ  ,73.4,80.7,34.5,38.6,-64.82,9.96,48.51,11.77,0.00,0.00,0.00,0.00
   1.2.5 แมงกะพรุน,631.5,479.5,162.1,310.3,"116,711.12",-24.07,-33.93,91.46,0.01,0.01,0.00,0.01
   1.2.6 ตะพาบน้ำ,7.7,3.7,2.2,1.4,-53.64,-52.42,-50.22,-39.22,0.00,0.00,0.00,0.00
   1.2.7 กบ,29.3,38.0,11.7,17.1,-36.37,30.00,37.93,45.92,0.00,0.00,0.00,0.00
   1.2.8  ประมงอื่น ๆ,538.2,179.1,104.4,75.7,533.16,-66.71,-62.77,-27.41,0.01,0.00,0.00,0.00
  1.3 ปศุสัตว์,"112,260.7","125,610.3","48,050.7","51,799.2",4.69,11.89,8.63,7.80,1.40,1.55,1.46,1.62
   1.3.1 ไก่,"96,024.7","100,398.4","38,356.9","42,733.8",7.76,4.55,2.67,11.41,1.20,1.24,1.16,1.33
    (1) ไก่สดแช่เย็นแช่แข็ง,"19,909.6","22,382.1","8,962.3","9,498.8",13.24,12.42,23.17,5.99,0.25,0.28,0.27,0.30
    (2) ไก่แปรรูป,"76,115.1","78,016.4","29,394.6","33,235.0",6.41,2.50,-2.29,13.07,0.95,0.96,0.89,1.04
   1.3.2 เป็ดสดแช่เย็นแช่แข็ง,654.9,702.1,247.0,217.5,24.41,7.20,28.39,-11.97,0.01,0.01,0.01,0.01
   1.3.3 สุกรสดแช่เย็นแช่แข็ง,301.5,478.6,179.1,175.5,12.20,58.71,12.66,-1.98,0.00,0.01,0.01,0.01
   1.3.4 กระดูกสัตว์และขนสัตว์ปีก,763.6,"1,013.2",368.6,391.8,28.91,32.68,26.42,6.27,0.01,0.01,0.01,0.01
   1.3.5 ไข่ไก่สด(พันฟอง),431.6,997.3,358.2,431.6,-0.72,131.06,208.87,20.50,0.01,0.01,0.01,0.01
   1.3.6 เนื้อและส่วนต่าง ๆ ของสัตว์ที่บริโภคได้,"6,005.5","10,121.8","4,241.8","2,684.6",-10.15,68.54,73.70,-36.71,0.08,0.12,0.13,0.08
   1.3.7 สินค้าปศุสัตว์อื่น ๆ,"8,078.9","11,898.9","4,299.0","5,164.5",-15.93,47.28,17.02,20.13,0.10,0.15,0.13,0.16
 2. สินค้าอุตสาหกรรมการเกษตร,"577,298.6","584,834.4","238,553.2","236,775.5",-4.25,1.31,-0.99,-0.75,7.21,7.21,7.24,7.39
  2.1  อาหารทะเลกระป๋องและแปรรูป,"126,823.7","124,927.8","47,123.0","48,731.8",0.22,-1.49,-4.43,3.41,1.58,1.54,1.43,1.52
   2.1.1 อาหารทะเลกระป๋อง,"89,790.9","93,709.3","35,364.7","37,596.3",11.56,4.36,-0.48,6.31,1.12,1.16,1.07,1.17
    (1)  ทูน่ากระป๋อง,"69,894.3","72,638.1","27,783.8","28,646.5",1.42,3.93,-2.32,3.10,0.87,0.90,0.84,0.89
    (2)  ซาร์ดีนกระป๋อง,"3,655.1","4,601.9","1,557.9","1,865.9",-11.77,25.91,14.95,19.77,0.05,0.06,0.05,0.06
    (3)  ปูกระป๋อง,723.6,691.8,190.2,211.1,-34.74,-4.38,-24.27,11.01,0.01,0.01,0.01,0.01
    (4)  กุ้งกระป๋อง,"8,821.2","7,891.9","2,941.2","2,698.5",39.59,-10.53,2.92,-8.25,0.11,0.10,0.09,0.08
    (5) หอยลายกระป๋อง(เมตริกตัน),,,,,,,,,,,,
    (6) ปลาหมึกกระป๋อง,83.9,58.9,14.2,13.7,,-29.82,-68.41,-3.51,0.00,0.00,0.00,0.00
    (7) อาหารทะเลกระป๋องอื่น ๆ,"6,612.8","7,826.5","2,877.4","4,160.6",,18.35,11.54,44.59,0.08,0.10,0.09,0.13
   2.1.2 อาหารทะเลแปรรูป,"37,032.8","31,218.5","11,758.3","11,135.5",-19.58,-15.70,-14.63,-5.30,0.46,0.39,0.36,0.35
    (1) กุ้งแปรรูป,"23,448.8","17,856.5","6,603.8","6,146.1",-8.55,-23.85,-23.84,-6.93,0.29,0.22,0.20,0.19
    (2) ปลาหมึกแปรรูป,"1,717.4","1,911.4",699.8,762.4,2.35,11.30,10.73,8.94,0.02,0.02,0.02,0.02
    (3) ปูแปรรูป,419.1,370.9,163.6,88.6,323.58,-11.48,20.47,-45.81,0.01,0.00,0.00,0.00
    (4) ปลาแปรรูป,"10,685.1","10,428.4","4,009.1","3,903.8",-38.55,-2.40,-0.36,-2.63,0.13,0.13,0.12,0.12
     (4.1) ปลาทูน่า แปรรูป,554.6,347.8,68.8,127.8,-55.24,-37.30,-72.71,85.69,0.01,0.00,0.00,0.00
     (4.2) ปลาอื่น ๆ แปรรูป,"10,130.4","10,080.7","3,940.3","3,775.9",-37.27,-0.49,4.48,-4.17,0.13,0.12,0.12,0.12
    (5) สัตว์น้ำประเภทครัสตาเซีย แปรรูป,18.1,2.0,1.2,,-15.24,-88.97,-86.08,,0.00,0.00,0.00,
    (6) หอยลาย แปรรูป,124.8,110.5,44.0,49.2,-30.94,-11.47,-27.13,11.78,0.00,0.00,0.00,0.00
    (7)  อาหารทะเลแปรรูปอื่น ๆ,619.6,538.8,236.8,185.4,-40.63,-13.05,-2.49,-21.69,0.01,0.01,0.01,0.01
  2.2 น้ำตาลทรายและกากน้ำตาล,"93,851.0","98,570.3","41,653.6","33,140.5",8.06,5.03,-11.44,-20.44,1.17,1.22,1.26,1.03
   2.2.1 น้ำตาลทราย,"93,239.9","97,692.3","41,306.4","32,059.8",9.41,4.78,-11.31,-22.39,1.16,1.20,1.25,1.00
    (1) น้ำตาลทรายดิบ,"40,929.8","50,922.3","23,471.6","20,087.9",2.67,24.41,-1.08,-14.42,0.51,0.63,0.71,0.63
    (2) น้ำตาลทรายขาว,"52,310.1","46,770.0","17,834.8","11,971.9",15.33,-10.59,-21.94,-32.87,0.65,0.58,0.54,0.37
    (3) น้ำตาลอื่น ๆ(เมตริกตัน),,,,,,,,,,,,
   2.2.2 กากน้ำตาล,611.0,878.0,347.2,"1,080.7",-62.50,43.70,-24.37,211.28,0.01,0.01,0.01,0.03
  2.3 ผลไม้กระป๋องและแปรรูป,"65,885.7","54,941.8","22,739.5","21,409.5",-7.69,-16.61,-21.78,-5.85,0.82,0.68,0.69,0.67
   2.3.1 ผลไม้กระป๋อง,"18,552.9","13,899.1","5,707.8","5,013.6",-37.13,-25.08,-35.02,-12.16,0.23,0.17,0.17,0.16
    (1) สับปะรดกระป๋อง,"12,538.4","8,258.2","3,484.3","2,772.5",-38.53,-34.14,-46.48,-20.43,0.16,0.10,0.11,0.09
    (2) เงาะและเงาะสอดไส้สับปะรด,332.4,379.6,130.7,125.1,-27.34,14.22,13.71,-4.27,0.00,0.00,0.00,0.00
    (3) ลิ้นจี่กระป๋อง,217.1,235.4,39.9,35.1,-15.13,8.42,-32.55,-12.02,0.00,0.00,0.00,0.00
    (4) ลำไยกระป๋อง,515.7,565.1,139.1,155.6,-8.87,9.57,-11.78,11.87,0.01,0.01,0.00,0.00
    (5) มะม่วงกระป๋อง,"1,215.8","1,371.7",582.5,524.8,-13.66,12.82,16.96,-9.90,0.02,0.02,0.02,0.02
    (6) ผลไม้รวมกระป๋อง,"2,834.0","2,342.6","1,045.9","1,095.2",-7.16,-17.34,-1.53,4.72,0.04,0.03,0.03,0.03
    (7) ผลไม้กระป๋องอื่น ๆ,899.7,746.6,285.3,305.2,-73.35,-17.01,-25.17,6.96,0.01,0.01,0.01,0.01
   2.3.2 น้ำผลไม้,"22,296.3","19,022.0","8,315.1","7,850.4",-14.41,-14.69,-13.81,-5.59,0.28,0.23,0.25,0.24
    (1) น้ำสับปะรด,"4,684.1","3,601.0","1,649.9","1,379.9",-27.56,-23.12,-23.68,-16.36,0.06,0.04,0.05,0.04
    (2) น้ำส้มชนิดออเร้นจ์,922.2,811.6,345.2,344.0,-32.12,-11.99,-17.57,-0.33,0.01,0.01,0.01,0.01
    (3) น้ำผลไม้ผสม,"2,119.3","2,229.3","1,011.3","1,345.2",-4.21,5.19,20.43,33.02,0.03,0.03,0.03,0.04
    (4) น้ำผลไม้อื่น ๆ,"14,570.7","12,380.1","5,308.8","4,781.2",-9.02,-15.03,-14.74,-9.94,0.18,0.15,0.16,0.15
   2.3.3 ผลไม้แปรรูป,"25,036.5","22,020.7","8,716.7","8,545.5",58.35,-12.05,-18.08,-1.96,0.31,0.27,0.26,0.27
    (1) สับปะรดแปรรูป,"9,524.3","6,816.7","2,772.0","2,584.3",258.61,-28.43,-38.07,-6.77,0.12,0.08,0.08,0.08
    (2) ส้มแปรรูป,840.0,849.9,325.4,437.7,-38.23,1.18,-5.62,34.50,0.01,0.01,0.01,0.01
    (3) ผลไม้แปรรูปอื่น ๆ,"14,672.3","14,354.1","5,619.3","5,523.6",24.40,-2.17,-3.44,-1.70,0.18,0.18,0.17,0.17
  2.4 ผักกระป๋อง และผักแปรรูป,"11,824.5","13,674.3","5,023.4","5,975.0",-2.72,15.64,-0.90,18.94,0.15,0.17,0.15,0.19
   (1) ข้าวโพดฝักอ่อนกระป๋อง,932.5,884.7,407.3,323.3,-4.53,-5.13,-2.30,-20.63,0.01,0.01,0.01,0.01
   (2) ข้าวโพดหวานกระป๋อง แปรรูป,"6,638.7","6,862.3","2,860.9","2,583.8",-4.25,3.37,-0.05,-9.69,0.08,0.08,0.09,0.08
   (3) หน่อไม้กระป๋อง แปรรูป,403.2,416.6,149.7,161.6,-14.27,3.31,-1.39,7.96,0.01,0.01,0.00,0.01
   (4) มะเขือเทศแปรรูป,42.7,49.8,22.6,21.1,6.21,16.81,20.26,-6.57,0.00,0.00,0.00,0.00
   (5) เห็ดแปรรูป,57.8,81.7,13.7,50.9,8.37,41.35,-47.31,271.23,0.00,0.00,0.00,0.00
   (6) พืชผักดองด้วยน้ำส้ม,405.7,444.8,207.8,187.1,-16.29,9.63,2.44,-9.96,0.01,0.01,0.01,0.01
   (7) ผักกระป๋องและผักแปรรูปอื่น ๆ ,"3,343.9","4,934.5","1,361.5","2,647.3",4.62,47.57,-2.11,94.43,0.04,0.06,0.04,0.08
  2.5 ผลิตภัณฑ์ข้าว,"10,474.4","10,700.8","4,280.3","4,216.1",0.97,2.16,4.18,-1.50,0.13,0.13,0.13,0.13
   2.5.1 แป้งข้าวเจ้า,"1,063.8","1,263.7",468.8,584.6,-2.15,18.79,18.85,24.70,0.01,0.02,0.01,0.02
   2.5.2 แป้งข้าวเหนียว,"2,714.7","2,919.8","1,179.8","1,225.0",-4.98,7.55,10.88,3.83,0.03,0.04,0.04,0.04
   2.5.3 เส้นหมี่ก๋วยเตี๋ยว,"2,136.9","2,211.0",912.3,841.2,-1.48,3.47,7.60,-7.80,0.03,0.03,0.03,0.03
   2.5.4 ขนมปังกรอบ,"4,559.0","4,306.4","1,719.4","1,565.3",7.00,-5.54,-4.59,-8.96,0.06,0.05,0.05,0.05
  2.6 ผลิตภัณฑ์ข้าวสาลีและอาหารสำเร็จรูปอื่น ๆ,"65,015.0","65,199.5","25,765.1","28,478.5",31.64,0.28,1.29,10.53,0.81,0.80,0.78,0.89
   2.6.1 บะหมี่กึ่งสำเร็จรูปและอาหารสำเร็จ,"42,638.7","41,144.9","16,796.6","18,223.7",8.25,-3.50,1.23,8.50,0.53,0.51,0.51,0.57
   2.6.2 ผลิตภัณฑ์ข้าวสาลีอื่น ๆ,"22,376.3","24,054.6","8,968.5","10,254.8",123.74,7.50,1.42,14.34,0.28,0.30,0.27,0.32
    (1) บิสกิต แวฟเฟิล และเวเฟอร์,"4,404.3","4,502.0","1,635.7","1,968.9",13.21,2.22,2.81,20.38,0.06,0.06,0.05,0.06
    (2) แป้งสาลี,398.9,325.2,141.1,136.6,-20.76,-18.48,-7.44,-3.23,0.00,0.00,0.00,0.00
    (3) ผลิตภัณฑ์อื่น ๆ ของข้าวสาลี,"17,573.1","19,227.4","7,191.7","8,149.3",213.41,9.41,1.30,13.32,0.22,0.24,0.22,0.25
  2.7 อาหารสัตว์เลี้ยง,"47,988.3","52,096.7","20,287.1","21,769.0",7.99,8.56,2.40,7.30,0.60,0.64,0.62,0.68
   2.7.1 อาหารสุนัขและแมว,"38,156.8","42,600.3","16,358.6","17,888.9",7.52,11.65,5.51,9.35,0.48,0.53,0.50,0.56
   2.7.2 อาหารสัตว์อื่น ๆ,"9,831.5","9,496.4","3,928.5","3,880.2",9.81,-3.41,-8.77,-1.23,0.12,0.12,0.12,0.12
  2.8 สิ่งปรุงรสอาหาร,"22,179.2","23,722.6","9,206.4","9,899.2",6.69,6.96,3.55,7.53,0.28,0.29,0.28,0.31
   2.8.1 ซอส,"3,631.4","4,080.5","1,592.1","1,724.8",12.02,12.37,11.39,8.33,0.05,0.05,0.05,0.05
    (1) ซอสพริก,"2,400.1","2,802.4","1,097.2","1,173.1",10.98,16.76,16.37,6.92,0.03,0.03,0.03,0.04
    (2) ซอสถั่วเหลือง,910.9,"1,000.8",378.1,434.2,8.58,9.87,7.42,14.83,0.01,0.01,0.01,0.01
    (3) ซอสมะเขือเทศ,320.4,277.3,116.8,117.5,33.39,-13.44,-13.13,0.58,0.00,0.00,0.00,0.00
   2.8.2 น้ำปลา,"1,877.6","1,918.5",724.1,856.4,-0.01,2.18,1.18,18.28,0.02,0.02,0.02,0.03
   2.8.3 เครื่องแกงสำเร็จรูป,"2,009.6","2,332.7",851.2,895.7,11.81,16.07,9.14,5.23,0.03,0.03,0.03,0.03
   2.8.4 ผงปรุงรส,"5,519.6","6,145.8","2,406.1","2,434.3",79.16,11.35,8.44,1.17,0.07,0.08,0.07,0.08
   2.8.5 สิ่งปรุงรสอื่น ๆ(เมตริกตัน),"9,140.9","9,245.1","3,632.9","3,988.1",-15.29,1.14,-3.04,9.78,0.11,0.11,0.11,0.12
  2.9 นมและผลิตภัณฑ์นม,"7,506.6","7,741.6","3,055.1","3,394.4",5.38,3.13,3.27,11.11,0.09,0.10,0.09,0.11
  2.10 หมากฝรั่งและขนมที่ไม่มีโกโก้ผสม,"5,912.2","6,024.6","2,323.3","2,527.4",-0.73,1.90,0.18,8.79,0.07,0.07,0.07,0.08
  2.11 เครื่องดื่ม,"55,270.6","60,841.7","25,111.5","27,622.3",2.96,10.08,7.48,10.00,0.69,0.75,0.76,0.86
   2.11.1 เครื่องดื่มที่ไม่มีแอลกอฮอส์,"44,281.7","47,172.4","19,290.6","21,039.0",9.44,6.53,4.67,9.06,0.55,0.58,0.59,0.66
    (1) น้ำแร่น้ำอัดลมที่ปรุงรส(พันลิตร),"1,578.0","1,633.6",776.6,966.4,-40.37,3.52,-6.81,24.44,0.02,0.02,0.02,0.03
    (2) เครื่องดื่มอื่น ๆ (พันลิตร),"42,305.9","45,170.2","18,366.6","19,860.2",13.13,6.77,5.43,8.13,0.53,0.56,0.56,0.62
    (3) เครื่องดื่มที่ไม่มีแอลกอฮอล์อื่น ๆ(พันลิตร),397.9,368.7,147.5,212.4,-5.27,-7.35,-16.32,44.04,0.00,0.00,0.00,0.01
   2.11.2 เครื่องดื่มที่มีแอลกอฮอส์(พันลิตร),"10,988.9","13,669.3","5,820.9","6,583.3",-16.87,24.39,18.01,13.10,0.14,0.17,0.18,0.21
    (1) วิสกี้(พันลิตร),"2,372.8","3,502.1","1,589.5","1,748.4",-13.89,47.59,41.48,10.00,0.03,0.04,0.05,0.05
    (2) ไวน์(พันลิตร),922.2,"1,627.9",802.4,709.6,-12.45,76.53,95.06,-11.57,0.01,0.02,0.02,0.02
    (3) เบียร์(พันลิตร),"4,838.5","3,978.4","1,839.1","1,859.9",-26.17,-17.78,-22.62,1.13,0.06,0.05,0.06,0.06
    (4) เครื่องดื่มที่มีแอลกอฮอส์อื่น ๆ(พันลิตร),"2,855.5","4,561.0","1,589.9","2,265.5",-0.02,59.73,55.67,42.49,0.04,0.06,0.05,0.07
  2.12 ซุปและอาหารปรุงแต่ง,"2,403.6","2,060.3",908.8,849.4,-12.78,-14.28,-22.36,-6.54,0.03,0.03,0.03,0.03
   2.12.1 ซุปและซุปข้นและของปรุงแต่งสำหรับทำซุป,"1,723.4","1,305.2",595.2,580.9,-12.52,-24.26,-33.48,-2.40,0.02,0.02,0.02,0.02
   2.12.2 อาหารปรุงแต่งที่มีส่วนผสมรวมเข้าเป็นเนื้อเดียวกัน,680.2,755.1,313.6,268.5,-13.41,11.01,13.72,-14.39,0.01,0.01,0.01,0.01
  2.13 ไขมันและน้ำมันจากพืชและสัตว์,"18,820.3","18,253.2","11,232.1","7,976.8",75.92,-3.01,168.90,-28.98,0.24,0.23,0.34,0.25
   (1) น้ำมันปาล์ม,"11,717.2","10,772.0","8,138.8","4,679.9",150.40,-8.07,446.90,-42.50,0.15,0.13,0.25,0.15
   (2) น้ำมันถั่วเหลือง,"2,189.2","2,676.0","1,117.8","1,012.9",27.09,22.24,48.18,-9.38,0.03,0.03,0.03,0.03
   (3) ไขมันและน้ำมันจากพืชและสัตว์อื่น ๆ,"4,913.9","4,805.2","1,975.6","2,284.0",14.38,-2.21,2.12,15.61,0.06,0.06,0.06,0.07
  2.14 เนื้อสัตว์และของปรุงแต่งที่ทำจากเนื้อสัตว์,"10,482.2","10,040.9","4,069.7","4,154.1",-1.27,-4.21,-2.19,2.07,0.13,0.12,0.12,0.13
  2.15 โกโก้และของปรุงแต่ง,"1,148.5","2,241.5",917.3,"1,272.3",-27.04,95.16,108.04,38.70,0.01,0.03,0.03,0.04
  2.16 ไอศกรีม,"2,486.7","2,751.5","1,204.8","1,267.0",16.13,10.65,12.89,5.16,0.03,0.03,0.04,0.04
  2.17 สินค้าอุตสาหกรรมการเกษตรอื่น ๆ,"29,226.1","31,045.4","13,652.2","14,092.0",-66.20,6.22,8.74,3.22,0.37,0.38,0.41,0.44
 3. สินค้าอุตสาหกรรม,"6,359,186.0","6,422,726.6","2,616,873.9","2,544,061.1",5.46,1.00,1.85,-2.78,79.43,79.21,79.47,79.39
  3.1 สิ่งทอ,"226,794.9","229,023.9","92,539.8","91,112.3",0.29,0.98,-1.41,-1.54,2.83,2.82,2.81,2.84
   3.1.1 เครื่องนุ่งห่ม,"79,510.4","79,360.2","31,057.5","32,277.1",-6.00,-0.19,-6.35,3.93,0.99,0.98,0.94,1.01
    (1) เสื้อผ้าสำเร็จรูป,"67,659.1","68,578.6","26,547.1","27,837.8",-8.03,1.36,-6.55,4.86,0.85,0.85,0.81,0.87
     (1.1) เสื้อผ้าสำเร็จรูปทำจากฝ้าย,"18,742.1","19,467.7","7,434.9","8,076.3",-11.66,3.87,-6.75,8.63,0.23,0.24,0.23,0.25
     (1.2) เสื้อผ้าสำเร็จรูปทำจากใยประดิษฐ์,"25,646.0","25,547.7","9,288.5","9,792.1",-5.36,-0.38,-11.09,5.42,0.32,0.32,0.28,0.31
     (1.3) เสื้อผ้าสำเร็จรูปทำจากไหม(พันชิ้น),73.7,100.7,39.9,31.6,-45.24,36.63,26.08,-20.88,0.00,0.00,0.00,0.00
     (1.4) เสื้อผ้าสำเร็จรูปทำจากขนสัตว์,"1,503.0","1,461.0",388.4,387.4,-0.69,-2.79,-10.22,-0.26,0.02,0.02,0.01,0.01
     (1.5) เสื้อผ้าสำเร็จรูปทำจากวัตถุทออื่น ๆ,"16,726.4","17,468.8","7,579.7","7,943.8",-5.71,4.44,4.22,4.80,0.21,0.22,0.23,0.25
     (1.6) เสื้อผ้าเด็กอ่อน,"4,968.0","4,532.5","1,815.7","1,606.6",-15.28,-8.76,-19.29,-11.52,0.06,0.06,0.06,0.05
    (2) เครื่องยกทรง รัดทรง และส่วนประกอบ,"7,224.4","6,316.9","2,693.1","2,529.2",1.15,-12.56,-12.69,-6.09,0.09,0.08,0.08,0.08
    (3) ถุงเท้าและถุงน่อง,"4,004.0","3,844.9","1,575.9","1,659.9",21.18,-3.97,9.51,5.33,0.05,0.05,0.05,0.05
    (4) ถุงมือผ้า,622.9,619.8,241.5,250.3,9.23,-0.50,3.05,3.64,0.01,0.01,0.01,0.01
   3.1.2 ผ้าผืนและด้าย,"72,950.1","70,634.0","29,699.2","27,414.5",1.72,-3.17,-1.85,-7.69,0.91,0.87,0.90,0.86
    (1) ผ้าผืน,"46,850.9","45,725.9","18,733.6","18,107.3",2.57,-2.40,-2.77,-3.34,0.59,0.56,0.57,0.57
     (1.1) ผ้าผืนทำจากฝ้าย,"14,104.6","13,915.7","5,687.2","5,498.4",-0.96,-1.34,-3.45,-3.32,0.18,0.17,0.17,0.17
     (1.2) ผ้าผืนทำจากเส้นใยประดิษฐ์,"28,868.4","27,893.5","11,543.4","10,792.5",3.85,-3.38,-1.47,-6.51,0.36,0.34,0.35,0.34
     (1.3) ผ้าผืนทำจากไหม,132.0,133.4,44.1,67.1,-19.62,1.03,-27.30,52.16,0.00,0.00,0.00,0.00
     (1.4) ผ้าผืนทำจากวัตถุทออื่น ๆ,"3,745.8","3,783.3","1,458.9","1,749.3",7.86,1.00,-8.89,19.91,0.05,0.05,0.04,0.05
    (2) ด้ายและด้ายเส้นใยประดิษฐ์,"26,099.2","24,908.0","10,965.6","9,307.2",0.22,-4.56,-0.24,-15.12,0.33,0.31,0.33,0.29
     (2.1) ด้ายฝ้าย,"4,068.5","4,140.6","2,010.6","1,393.1",-9.89,1.77,17.31,-30.71,0.05,0.05,0.06,0.04
     (2.2) ด้ายเส้นใยประดิษฐ์,"22,030.7","20,767.4","8,955.0","7,914.2",2.34,-5.73,-3.48,-11.62,0.28,0.26,0.27,0.25
   3.1.3 เคหะสิ่งทอ,"8,564.4","8,256.9","3,296.6","3,197.6",-6.55,-3.59,-3.16,-3.01,0.11,0.10,0.10,0.10
   3.1.4 เส้นใยประดิษฐ์,"27,077.9","31,788.6","13,053.1","12,318.9",12.81,17.40,19.92,-5.62,0.34,0.39,0.40,0.38
   3.1.5 ผ้าปักและผ้าลูกไม้,"5,031.5","4,746.2","1,893.8","2,020.0",-0.23,-5.67,-7.68,6.66,0.06,0.06,0.06,0.06
   3.1.6 ตาข่ายจับปลา,"4,034.1","3,689.1","1,411.0","1,473.5",-2.71,-8.55,-14.80,4.43,0.05,0.05,0.04,0.05
   3.1.7 ผ้าคลุมไหล่ ผ้าพันคอ,457.0,408.5,210.9,204.4,2.54,-10.61,-0.70,-3.12,0.01,0.01,0.01,0.01
   3.1.8 ผ้าแบบสำหรับตัดเสื้อและผ้าที่จัดทำแล้ว,"3,872.0","3,682.2","1,349.6","1,682.9",11.90,-4.90,-28.77,24.70,0.05,0.05,0.04,0.05
   3.1.9 สิ่งทออื่นๆ,"25,297.4","26,458.2","10,568.0","10,523.4",7.26,4.59,2.26,-0.42,0.32,0.33,0.32,0.33
  3.2 อัญมณีและเครื่องประดับ,"434,890.7","383,976.7","161,177.5","145,289.7",-13.22,-11.71,-10.97,-9.86,5.43,4.74,4.89,4.53
   3.2.1 อัญมณี,"95,047.9","93,915.2","39,089.8","40,522.8",-2.18,-1.19,-5.15,3.67,1.19,1.16,1.19,1.26
    (1) เพชร(พันกะรัต),"53,080.6","54,127.9","22,130.5","20,663.0",-9.51,1.97,-4.37,-6.63,0.66,0.67,0.67,0.64
    (2) พลอย,"40,756.7","39,302.9","16,812.2","19,586.5",8.69,-3.57,-5.94,16.50,0.51,0.48,0.51,0.61
    (3) ไข่มุก(กิโลกรัม),"1,210.6",484.4,147.1,273.3,20.35,-59.99,-24.01,85.85,0.02,0.01,0.00,0.01
   3.2.2 เครื่องประดับแท้,"124,071.9","124,801.6","49,618.4","45,548.5",-0.77,0.59,-4.64,-8.20,1.55,1.54,1.51,1.42
    (1) เครื่องประดับแท้ทำด้วยเงิน,"60,530.6","59,689.2","21,474.7","18,074.5",10.71,-1.39,-11.38,-15.83,0.76,0.74,0.65,0.56
    (2) เครื่องประดับแท้ทำด้วยทอง(กิโลกรัม),"57,553.9","60,294.1","26,309.8","24,629.0",-7.29,4.76,2.41,-6.39,0.72,0.74,0.80,0.77
    (3) เครื่องประดับแท้ทำด้วยโลหะมีค่าอื่น ๆ,"5,987.4","4,818.3","1,833.9","2,845.0",-27.74,-19.53,-13.06,55.14,0.07,0.06,0.06,0.09
   3.2.3 เครื่องประดับอัญมณีเทียม,"11,551.2","13,633.2","5,007.0","5,404.6",-19.12,18.02,12.43,7.94,0.14,0.17,0.15,0.17
   3.2.4 อัญมณีสังเคราะห์,"2,828.3","2,592.5",998.2,839.9,-27.97,-8.34,-15.12,-15.86,0.04,0.03,0.03,0.03
   3.2.5 ทองคำยังไม่ได้ขึ้นรูป,"193,925.9","139,912.6","62,403.7","49,264.0",-24.44,-27.85,-21.48,-21.06,2.42,1.73,1.90,1.54
   3.2.6 โลหะมีค่าและของที่หุ้มด้วยโลหะมีค่าอื่น ๆ,"7,465.4","9,121.7","4,060.5","3,709.9",83.63,22.19,50.31,-8.63,0.09,0.11,0.12,0.12
  3.3 เครื่องใช้ไฟฟ้า,"794,995.7","778,953.5","323,964.6","326,934.2",2.77,-2.02,-5.30,0.92,9.93,9.61,9.84,10.20
   3.3.1 เครื่องวิดีโอ เครื่องเสียง อุปกรณ์และส่วนประกอบ,"17,632.3","16,917.1","6,528.2","5,879.4",-1.40,-4.06,-13.38,-9.94,0.22,0.21,0.20,0.18
    (1) เครื่องวิดีโอ,191.4,204.1,107.1,88.6,-26.90,6.64,62.11,-17.25,0.00,0.00,0.00,0.00
    (2) เครื่องเสียง,"1,971.1","1,839.7",747.5,803.3,"39,265.78",-6.67,-12.48,7.46,0.02,0.02,0.02,0.03
    (3) ส่วนประกอบและอุปกรณ์ประกอบ สำหรับเครื่องวิดีโอ เครื่องเสียง(เมตริกตัน),"10,782.4","10,148.5","4,160.8","2,918.6",-23.81,-5.88,-10.24,-29.85,0.13,0.13,0.13,0.09
    (4) เทปแม่เหล็กสำหรับวิดีโอและเครื่องเสียง(พันตลับ),"4,687.5","4,724.8","1,512.9","2,068.9",35.30,0.80,-23.63,36.76,0.06,0.06,0.05,0.06
   3.3.2 เครื่องรับวิทยุ โทรทัศน์ และส่วนประกอบ,"96,625.9","93,026.9","33,578.4","39,673.4",-2.73,-3.72,-15.83,18.15,1.21,1.15,1.02,1.24
    (1) เครื่องรับวิทยุ,"28,163.4","27,551.3","10,931.9","10,467.9",-17.34,-2.17,-10.84,-4.24,0.35,0.34,0.33,0.33
    (2) เครื่องรับโทรทัศน์,"49,414.2","45,857.4","15,847.4","20,647.4",5.95,-7.20,-23.16,30.29,0.62,0.57,0.48,0.64
    (3) ส่วนประกอบเครื่องรับวิทยุ โทรทัศน์,"19,048.3","19,618.2","6,799.2","8,558.2",2.25,2.99,-2.99,25.87,0.24,0.24,0.21,0.27
   3.3.3 หลอดภาพโทรทัศน์สี(พันหลอด),14.6,2.9,2.5,0.1,-44.45,-80.29,-71.36,-94.02,0.00,0.00,0.00,0.00
   3.3.4 ลำโพงขยายเสียงและส่วนประกอบ,"4,756.0","5,007.9","1,927.6","2,247.8",27.70,5.30,-3.13,16.61,0.06,0.06,0.06,0.07
    (1) ลำโพงขยายเสียง,"3,457.6","3,272.0","1,392.1","1,165.1",28.37,-5.37,-7.65,-16.31,0.04,0.04,0.04,0.04
    (2) ส่วนประกอบของลำโพงขยายเสียง,"1,298.3","1,735.8",535.5,"1,082.7",25.96,33.70,11.00,102.18,0.02,0.02,0.02,0.03
   3.3.5 เตาอบไมโครเวฟและเครื่องใช้ไฟฟ้าที่ให้ความร้อน,"25,934.1","27,016.6","11,090.7","10,130.9",-7.92,4.17,5.69,-8.65,0.32,0.33,0.34,0.32
    (1) เตาอบไมโครเวฟ(พันเครื่อง),"7,203.2","7,754.0","3,455.8","2,657.4",-2.68,7.65,15.30,-23.10,0.09,0.10,0.10,0.08
    (2) เครื่องใช้ไฟฟ้าที่ให้ความร้อนและส่วนประกอบ,"18,731.0","19,262.6","7,634.9","7,473.6",-9.79,2.84,1.85,-2.11,0.23,0.24,0.23,0.23
     (2.1) เตาอบอื่น ๆ รวมเตาที่มีหม้อหุงต้ม และเตาย่าง,"11,811.7","12,449.1","5,043.0","4,785.5",-11.44,5.40,4.99,-5.11,0.15,0.15,0.15,0.15
     (2.2) เครื่องอุปกรณ์แต่งผมและเป่าผม(พันเครื่อง),"3,396.7","3,398.0","1,302.9","1,345.7",-8.43,0.04,2.45,3.29,0.04,0.04,0.04,0.04
     (2.3) เครื่องทำน้ำร้อน,537.2,531.3,166.0,273.3,-5.76,-1.09,-20.76,64.70,0.01,0.01,0.01,0.01
     (2.4) เครื่องใช้ไฟฟ้าที่ให้ความร้อนอื่น ๆ และส่วนประกอบ,"2,985.4","2,884.2","1,123.0","1,069.0",-5.12,-3.39,-7.34,-4.81,0.04,0.04,0.03,0.03
   3.3.6 พัดลม,"10,439.2","10,723.6","4,495.5","4,568.8",-3.10,2.73,-0.88,1.63,0.13,0.13,0.14,0.14
   3.3.7 ตู้เย็น ตู้แช่แข็งและส่วนประกอบ,"65,487.0","59,466.5","25,212.4","26,081.7",-0.85,-9.19,-7.38,3.45,0.82,0.73,0.77,0.81
    (1) ตู้เย็นใช้ในบ้านเรือน,"54,804.0","48,657.2","20,739.0","21,749.8",1.34,-11.22,-8.40,4.87,0.68,0.60,0.63,0.68
    (2) ตู้แช่แข็งและเคาน์เตอร์ตู้โชว์,"3,510.4","3,461.7","1,492.6","1,349.0",-18.33,-1.39,-2.20,-9.62,0.04,0.04,0.05,0.04
    (3) ส่วนประกอบอุปกรณ์ตู้เย็น ตู้แช่แข็ง,"7,172.6","7,347.6","2,980.8","2,982.9",-6.52,2.44,-2.42,0.07,0.09,0.09,0.09,0.09
     (3.1) อีแวโพเรเตอร์,671.8,745.1,309.5,339.1,-62.73,10.90,15.73,9.54,0.01,0.01,0.01,0.01
     (3.2) คอนเดนเซอร์,,,,,,,,,,,,
     (3.3) ส่วนประกอบอุปกรณ์ตู้เย็น ตู้แช่แข็ง อื่นๆ,"6,500.7","6,602.5","2,671.3","2,643.8",,1.56,-4.16,-1.03,0.08,0.08,0.08,0.08
   3.3.8 เครื่องปรับอากาศและส่วนประกอบ,"163,896.4","171,487.7","82,288.7","81,830.0",-4.08,4.63,-0.30,-0.56,2.05,2.11,2.50,2.55
    (1) แบบติดหน้าต่างหรือฝาผนัง,"113,206.3","122,404.7","60,665.8","60,856.7",6.29,8.13,6.46,0.31,1.41,1.51,1.84,1.90
    (2) แบบเปลี่ยนวงจรความเย็นหรือวงจรความร้อน,"19,958.9","23,375.1","9,771.7","11,497.3",25.63,17.12,7.23,17.66,0.25,0.29,0.30,0.36
    (3) แบบขับด้วยมอเตอร์ใช้เปลี่ยนอุณหภูมิและความร้อน,"6,945.6","1,750.9",855.3,591.8,-43.99,-74.79,-80.17,-30.81,0.09,0.02,0.03,0.02
    (4) แบบแยกหน่วยทำความเย็น,"2,838.6",702.8,286.4,160.5,-83.30,-75.24,-89.03,-43.95,0.04,0.01,0.01,0.01
    (5) ส่วนประกอบของเครื่องปรับอากาศ,"20,947.0","23,254.2","10,709.6","8,723.7",9.79,11.01,12.53,-18.54,0.26,0.29,0.33,0.27
   3.3.9 เครื่องคอมเพรสเซอร์ของเครื่องทำความเย็น,"30,975.4","28,091.9","12,345.1","11,732.2",-8.52,-9.31,-10.46,-4.96,0.39,0.35,0.37,0.37
   3.3.10 สายไฟฟ้า สายเคเบิ้ล,"19,975.5","21,442.1","8,541.3","8,179.5",8.44,7.34,8.16,-4.24,0.25,0.26,0.26,0.26
   3.3.11 หลอดไฟฟ้า,"1,800.5","1,544.4",629.8,574.3,-17.23,-14.22,-21.12,-8.81,0.02,0.02,0.02,0.02
   3.3.12 เครื่องตัดต่อและป้องกันวงจรไฟฟ้า,"62,626.9","59,479.5","23,571.8","21,880.9",15.49,-5.03,-15.51,-7.17,0.78,0.73,0.72,0.68
   3.3.13 เครื่องพักกระแสไฟฟ้า,"9,744.1","10,242.6","3,990.5","3,912.2",12.57,5.12,0.76,-1.96,0.12,0.13,0.12,0.12
   3.3.14 เครื่องซักผ้าและเครื่องซักแห้งและส่วนประกอบ,"53,982.0","47,044.0","20,537.8","19,554.0",34.34,-12.85,3.30,-4.79,0.67,0.58,0.62,0.61
   3.3.15 เครื่องอุปกรณ์ไฟฟ้าสำหรับให้สัญญาณเสียง และส่วนประกอบ,"14,415.8","14,421.3","7,197.4","4,308.4",20.08,0.04,32.40,-40.14,0.18,0.18,0.22,0.13
   3.3.16 หม้อแบตเตอรี่และส่วนประกอบ,"23,731.6","24,599.6","9,672.0","9,514.1",24.12,3.66,0.22,-1.63,0.30,0.30,0.29,0.30
   3.3.17 แผงสวิทซ์และแผงควบคุมกระแสไฟฟ้า,"62,498.1","62,143.3","23,067.3","24,818.6",28.56,-0.57,-0.05,7.59,0.78,0.77,0.70,0.77
   3.3.18 ส่วนประกอบที่ใช้กับมอเตอร์ไฟฟ้า และเครื่องกำเนิดไฟฟ้า,"2,852.5","3,606.0","1,251.1","1,463.0",-2.24,26.41,6.69,16.93,0.04,0.04,0.04,0.05
   3.3.19 เครื่องใช้ไฟฟ้าและส่วนประกอบอื่น ๆ,"127,607.9","122,689.6","48,036.4","50,584.7",-6.57,-3.85,-11.56,5.30,1.59,1.51,1.46,1.58
  3.4 เครื่องอิเล็กทรอนิกส์,"1,241,533.1","1,229,995.2","493,170.5","444,216.0",9.60,-0.93,2.86,-9.93,15.51,15.17,14.98,13.86
   3.4.1 เครื่องคอมพิวเตอร์ อุปกรณ์และส่วนประกอบ,"624,896.1","633,150.2","255,144.2","226,781.5",6.41,1.32,6.48,-11.12,7.81,7.81,7.75,7.08
    (1) เครื่องคอมพิวเตอร์และอุปกรณ์,"510,406.1","526,021.6","211,717.6","187,056.1",11.99,3.06,9.85,-11.65,6.38,6.49,6.43,5.84
     (1.1) ฮาร์ด ดิสก์ ไดรฟ์,"364,759.4","380,555.6","154,679.1","131,535.4",19.10,4.33,12.73,-14.96,4.56,4.69,4.70,4.10
    (2) ส่วนประกอบคอมพิวเตอร์,"107,827.2","98,861.6","40,201.6","36,412.2",-13.08,-8.31,-9.09,-9.43,1.35,1.22,1.22,1.14
    (3) สายไฟคอมพิวเตอร์,,,,,,,,,,,,
    (4) เทปแม่เหล็กและจานแม่แหล็กสำหรับคอมพิวเตอร์(พันชิ้น),"6,662.9","8,267.1","3,224.9","3,313.3",-10.24,24.08,21.61,2.74,0.08,0.10,0.10,0.10
   3.4.2 เครื่องคำนวณอิเล็กทรอนิกส์(พันเครื่อง),"2,998.2","2,590.2",937.7,"1,217.0",100.18,-13.61,-22.14,29.79,0.04,0.03,0.03,0.04
   3.4.3 แผงวงจรไฟฟ้า,"279,659.1","267,101.0","106,866.2","95,880.9",3.45,-4.49,-4.62,-10.28,3.49,3.29,3.25,2.99
   3.4.4 วงจรพิมพ์,"45,773.1","44,909.9","16,622.1","15,095.8",6.71,-1.89,-9.64,-9.18,0.57,0.55,0.50,0.47
   3.4.5 ตลับลูกปืน,"18,083.4","20,317.3","8,330.3","7,788.5",6.53,12.35,14.63,-6.50,0.23,0.25,0.25,0.24
   3.4.6 มอเตอร์และเครื่องกำเนิดไฟฟ้า,"36,217.0","33,163.5","13,572.4","11,861.7",-8.62,-8.43,-13.04,-12.60,0.45,0.41,0.41,0.37
   3.4.7 เครื่องโทรสาร โทรศัพท์ อุปกรณ์และส่วนประกอบ,"107,193.1","102,905.7","39,829.5","33,080.1",47.67,-4.00,4.58,-16.95,1.34,1.27,1.21,1.03
    (1) เครื่องโทรสาร,15.5,3.3,1.6,18.5,-88.43,-78.74,-71.65,"1,034.44",0.00,0.00,0.00,0.00
    (2) เครื่องโทรศัพท์และอุปกรณ์,"107,177.6","102,902.4","39,827.9","33,061.6",47.93,-3.99,4.59,-16.99,1.34,1.27,1.21,1.03
     (2.1) เครื่องรับโทรศัพท์และอุปกรณ์,"72,582.2","73,952.1","29,368.7","20,414.4",81.24,1.89,30.12,-30.49,0.91,0.91,0.89,0.64
     (2.2) เครื่องตอบรับโทรศัพท์,7.7,7.6,5.6,10.0,-87.58,-0.78,384.55,77.55,0.00,0.00,0.00,0.00
    (3) ส่วนประกอบเครื่องโทรสาร และโทรศัพท์ ,"34,587.7","28,942.7","10,453.6","12,637.2",6.94,-16.32,-32.60,20.89,0.43,0.36,0.32,0.39
   3.4.8 เครื่องส่งวิทยุ โทรเลข โทรศัพท์ โทรทัศน์,"5,425.2","8,144.0","2,730.3","4,629.4",131.28,50.11,36.92,69.56,0.07,0.10,0.08,0.14
   3.4.9 อุปกรณ์กึ่งตัวนำ ทรานซิสเตอร์ และไดโอด,"67,570.6","57,917.1","26,810.0","23,203.1",32.79,-14.29,8.94,-13.45,0.84,0.71,0.81,0.72
    (1) อุปกรณ์กึ่งตัวนำ(พันชิ้น),"49,979.6","38,940.7","19,369.8","16,122.7",43.49,-22.09,10.40,-16.76,0.62,0.48,0.59,0.50
    (2) ทรานซิสเตอร์(พันชิ้น),"8,128.0","9,118.7","3,623.3","3,622.5",9.40,12.19,12.26,-0.02,0.10,0.11,0.11,0.11
    (3) ไดโอด,"4,656.9","4,610.6","1,876.9","1,687.4",21.81,-0.99,-0.58,-10.10,0.06,0.06,0.06,0.05
    (4) อุปกรณ์กึ่งตัวนำ ทรานซิสเตอร์ และไดโอด อื่น ๆ,"4,806.1","5,247.1","1,939.9","1,770.5",0.10,9.17,-0.46,-8.73,0.06,0.06,0.06,0.06
   3.4.10 หม้อแปลงไฟฟ้าและส่วนประกอบ,"53,717.2","59,796.2","22,327.8","24,678.0",11.00,11.32,8.17,10.53,0.67,0.74,0.68,0.77
  3.5 เฟอร์นิเจอร์และชิ้นส่วน,"38,731.5","37,886.1","15,517.4","15,132.4",0.81,-2.18,0.03,-2.48,0.48,0.47,0.47,0.47
   3.5.1 เฟอร์นิเจอร์ไม้(พันชิ้น),"11,210.1","9,911.5","4,300.9","4,078.9",-8.16,-11.58,-2.41,-5.16,0.14,0.12,0.13,0.13
   3.5.2 เฟอร์นิเจอร์โลหะ,"2,722.0","2,704.6","1,072.7","1,215.5",-26.51,-0.64,-12.40,13.32,0.03,0.03,0.03,0.04
   3.5.3 ที่นอนหมอนฟูก,"3,774.5","4,251.6","1,668.8","1,824.2",27.45,12.64,26.15,9.32,0.05,0.05,0.05,0.06
   3.5.4 เฟอร์นิเจอร์อื่น ๆ,"6,041.4","6,562.7","2,510.0","2,355.0",-1.36,8.63,3.80,-6.17,0.08,0.08,0.08,0.07
   3.5.5 ชิ้นส่วนเฟอร์นิเจอร์,"14,983.5","14,455.8","5,965.1","5,658.7",11.61,-3.52,-2.85,-5.14,0.19,0.18,0.18,0.18
  3.6 ไม้และผลิตภัณฑ์ไม้,"97,091.6","84,021.7","36,949.0","32,429.3",12.55,-13.46,-4.00,-12.23,1.21,1.04,1.12,1.01
   3.6.1 ไม้แปรรูป(ลบ.เมตร),"50,769.4","39,166.2","18,859.2","13,316.2",25.82,-22.85,-2.11,-29.39,0.63,0.48,0.57,0.42
   3.6.2 แผ่นไม้วีเนียร์,100.0,165.6,57.5,101.3,56.99,65.56,14.94,76.14,0.00,0.00,0.00,0.00
   3.6.3 ไม้อัด,"13,745.6","12,121.0","5,154.3","4,725.3",20.78,-11.82,-9.29,-8.32,0.17,0.15,0.16,0.15
   3.6.4 ไฟเบอร์บอร์ด,"18,337.1","19,447.3","7,537.1","7,531.7",7.87,6.05,9.02,-0.07,0.23,0.24,0.23,0.24
   3.6.5 เครื่องใช้ทำด้วยไม้,"1,813.4","1,691.7",669.0,622.8,-9.60,-6.71,-8.43,-6.91,0.02,0.02,0.02,0.02
   3.6.6 อุปกรณ์ก่อสร้างทำด้วยไม้,"1,658.5","1,693.0",665.5,668.5,-14.06,2.09,1.57,0.45,0.02,0.02,0.02,0.02
   3.6.7 กรอบรูปไม้,802.6,635.4,256.7,242.8,-16.54,-20.83,-29.35,-5.44,0.01,0.01,0.01,0.01
   3.6.8 รูปแกะสลัก และเครื่องประดับทำด้วยไม้,"1,499.1","1,023.0",434.8,402.4,-2.49,-31.76,-33.28,-7.44,0.02,0.01,0.01,0.01
   3.6.9 ไม้และผลิตภัณฑ์ไม้อื่น ๆ,"8,365.9","8,078.4","3,314.9","4,818.3",-24.19,-3.44,-20.62,45.35,0.10,0.10,0.10,0.15
  3.7 เหล็ก เหล็กกล้าและผลิตภัณฑ์,"188,060.5","201,010.9","81,927.3","75,656.2",3.43,6.89,6.85,-7.65,2.35,2.48,2.49,2.36
   3.7.1 เหล็กและเหล็กกล้า,"46,050.7","51,012.9","21,979.8","18,865.8",31.96,10.78,8.78,-14.17,0.58,0.63,0.67,0.59
    (1) ผลิตภัณฑ์แผ่นรีด,"14,696.4","15,661.7","6,532.1","5,246.2",40.78,6.57,3.79,-19.69,0.18,0.19,0.20,0.16
    (2) มุม รูปทรงและหน้าตัด,"5,475.1","7,024.8","2,604.9","2,957.9",10.00,28.30,7.53,13.55,0.07,0.09,0.08,0.09
    (3) เหล็กและเหล็กกล้าอื่น ๆ,"25,879.2","28,326.4","12,842.8","10,661.7",32.85,9.46,11.77,-16.98,0.32,0.35,0.39,0.33
   3.7.2 ผลิตภัณฑ์เหล็กและเหล็กกล้า,"142,009.8","149,998.0","59,947.5","56,790.4",-3.35,5.63,6.16,-5.27,1.77,1.85,1.82,1.77
    (1) ท่อเหล็ก,"13,752.0","16,276.5","5,917.6","6,116.1",40.86,18.36,9.71,3.35,0.17,0.20,0.18,0.19
    (2) ข้อต่อท่อเหล็ก,"8,698.9","9,137.3","3,539.6","3,653.6",6.49,5.04,-3.35,3.22,0.11,0.11,0.11,0.11
    (3) โครงก่อสร้างทำด้วยเหล็ก,"9,571.9","9,250.5","3,994.4","3,565.9",-56.60,-3.36,25.95,-10.73,0.12,0.11,0.12,0.11
    (4) ตะปู ตะปูควงสลักเกลียว,"19,620.8","21,538.7","8,551.1","8,227.3",11.26,9.78,9.48,-3.79,0.25,0.27,0.26,0.26
    (5) ลวดเกลียว ลวดเคเบิ้ล ลวดสลิง,"7,095.5","8,859.9","3,596.6","3,377.3",12.12,24.87,33.77,-6.10,0.09,0.11,0.11,0.11
    (6) ผลิตภัณฑ์เหล็กและเหล็กกล้าอื่นๆ,"83,270.7","84,935.1","34,348.1","31,850.1",0.35,2.00,1.79,-7.27,1.04,1.05,1.04,0.99
  3.8 ผลิตภัณฑ์อลูมิเนียม,"47,022.4","53,678.2","21,666.1","20,031.5",14.93,14.15,16.25,-7.54,0.59,0.66,0.66,0.63
   3.8.1 โครงก่อสร้างและส่วนประกอบ,"12,761.6","14,021.1","5,691.0","5,383.3",-3.94,9.87,14.20,-5.41,0.16,0.17,0.17,0.17
   3.8.2 ผลิตภัณฑ์อลูมิเนียมที่ใช้ในอุตสาหกรรม,"26,693.5","31,238.3","12,079.5","11,566.6",30.37,17.03,13.64,-4.25,0.33,0.39,0.37,0.36
   3.8.3 ของอื่นๆที่ทำด้วยอลูมิเนียม,"7,567.3","8,418.8","3,895.6","3,081.6",5.76,11.25,28.83,-20.89,0.09,0.10,0.12,0.10
  3.9 ก๊อก วาวล์และส่วนประกอบ,"24,013.5","24,767.7","9,758.8","9,650.5",3.02,3.14,-0.87,-1.11,0.30,0.31,0.30,0.30
  3.10 เม็ดพลาสติก,"293,551.4","330,156.1","135,051.6","124,073.3",8.52,12.47,12.24,-8.13,3.67,4.07,4.10,3.87
   3.10.1 เอทิลีน,"111,948.4","123,274.8","50,897.3","46,702.7",5.16,10.12,8.90,-8.24,1.40,1.52,1.55,1.46
   3.10.2 โพรพิลีน,"37,467.3","47,936.9","19,543.5","18,027.5",6.99,27.94,27.58,-7.76,0.47,0.59,0.59,0.56
   3.10.3 สไตรีน,"20,639.0","25,210.9","10,273.4","7,620.7",22.91,22.15,31.94,-25.82,0.26,0.31,0.31,0.24
   3.10.4 ไวนิลคลอไรด์,"16,750.7","14,979.8","6,317.5","6,040.8",28.04,-10.57,-1.40,-4.38,0.21,0.18,0.19,0.19
   3.10.5 อะคริลิกโพลิเมอร์,"5,829.4","6,613.2","2,489.2","2,483.8",2.15,13.45,4.73,-0.22,0.07,0.08,0.08,0.08
   3.10.6 โพลิอะซิทัล,"70,160.4","79,353.5","32,673.4","29,442.6",7.35,13.10,12.99,-9.89,0.88,0.98,0.99,0.92
   3.10.7 โพลิอะไมด์,"8,262.9","8,946.0","3,641.8","3,586.9",11.86,8.27,7.38,-1.51,0.10,0.11,0.11,0.11
   3.10.8 อะมิโนเรซิน,"2,746.7","2,972.5","1,229.2","1,090.5",-0.72,8.22,5.18,-11.29,0.03,0.04,0.04,0.03
   3.10.9 เม็ดพลาสติกอื่นๆ,"19,746.7","20,868.5","7,986.3","9,077.8",10.09,5.68,-2.81,13.67,0.25,0.26,0.24,0.28
  3.11 ผลิตภัณฑ์พลาสติก,"132,024.3","137,029.4","54,936.2","54,751.8",1.33,3.79,1.61,-0.34,1.65,1.69,1.67,1.71
   3.11.1 ถุงและกระสอบพลาสติก,"26,606.8","27,179.8","10,944.1","11,370.2",0.29,2.15,-0.45,3.89,0.33,0.34,0.33,0.35
   3.11.2 แผ่นฟิล์ม ฟอยล์และแถบ,"43,507.1","44,475.3","17,802.0","17,821.0",1.12,2.23,-2.51,0.11,0.54,0.55,0.54,0.56
   3.11.3 เครื่องใช้สำนักงานทำด้วยพลาสติก,525.9,463.5,200.0,166.0,-8.84,-11.87,-12.22,-17.01,0.01,0.01,0.01,0.01
   3.11.4 เครื่องแต่งกายและของที่ใช้ประกอบกับเครื่องแต่งกาย,"1,232.2","1,267.4",520.3,487.6,2.44,2.86,3.77,-6.29,0.02,0.02,0.02,0.02
   3.11.5 กล่องหีบที่ทำด้วยพลาสติก,"6,690.7","7,182.4","2,835.8","2,710.4",2.55,7.35,6.44,-4.42,0.08,0.09,0.09,0.08
   3.11.6 หลอดและท่อพลาสติก,"3,384.7","3,643.1","1,495.5","1,552.7",-10.20,7.64,10.06,3.82,0.04,0.04,0.05,0.05
   3.11.7 พลาสติกปูพื้นและผนัง,"1,080.1","1,532.5",523.4,679.7,-29.42,41.88,26.17,29.87,0.01,0.02,0.02,0.02
   3.11.8 ผลิตภัณฑ์พลาสติกอื่นๆ,"48,996.8","51,285.4","20,615.2","19,964.2",3.97,4.67,4.93,-3.16,0.61,0.63,0.63,0.62
  3.12 เคมีภัณฑ์,"252,336.4","294,215.4","117,996.0","107,722.1",18.12,16.60,14.62,-8.71,3.15,3.63,3.58,3.36
   3.12.1 เคมีภัณฑ์อนินทรีย์,"22,881.4","26,562.6","10,854.9","10,406.0",20.91,16.09,19.23,-4.14,0.29,0.33,0.33,0.32
    (1) คาร์บอน,"3,806.5","4,576.8","1,859.8","2,118.4",10.73,20.24,16.16,13.90,0.05,0.06,0.06,0.07
    (2) กรดอนินทรีย์อื่นๆ,"1,872.7","1,974.8",904.6,795.0,15.95,5.45,19.69,-12.11,0.02,0.02,0.03,0.02
    (3) เคมีภัณฑ์อนินทรีย์อื่นๆ,"17,202.2","20,011.1","8,090.5","7,492.5",24.01,16.33,19.90,-7.39,0.21,0.25,0.25,0.23
   3.12.2 เคมีภัณฑ์อินทรีย์,"162,643.7","198,385.9","78,647.2","68,899.5",22.80,21.98,17.37,-12.39,2.03,2.45,2.39,2.15
    (1) อะไซคลิกไฮโดรคาร์บอน,"15,671.1","18,473.7","8,110.7","5,498.4",78.60,17.88,21.31,-32.21,0.20,0.23,0.25,0.17
    (2) ไซคลิกไฮโดรคาร์บอน,"39,859.4","62,140.4","23,653.0","19,961.5",15.33,55.90,27.17,-15.61,0.50,0.77,0.72,0.62
    (3) กรดเทเรฟทาลิก,"21,203.4","26,570.6","9,858.5","11,264.2",6.39,25.31,14.35,14.26,0.26,0.33,0.30,0.35
    (4) กรดกลูตามิกและโมโนโซเดียมกลูตาเมต,"5,098.6","4,964.4","2,031.2","1,818.5",-13.07,-2.63,-6.50,-10.47,0.06,0.06,0.06,0.06
    (5) สารประกอบเฮดเทอโรไซคลิก,"2,823.6","3,969.3","1,608.9","1,561.6",2.64,40.58,67.26,-2.94,0.04,0.05,0.05,0.05
    (6) ไลซีนและเอสเทอร์ของไลซีน,"1,465.9","1,309.4",567.4,409.1,0.14,-10.67,-13.03,-27.89,0.02,0.02,0.02,0.01
    (7) ปฏิชีวนะ,616.4,524.9,250.3,221.2,-21.20,-14.84,0.34,-11.64,0.01,0.01,0.01,0.01
    (8) เคมีภัณฑ์อินทรีย์อื่นๆ,"75,905.4","80,433.2","32,567.2","28,165.0",30.16,5.96,12.06,-13.52,0.95,0.99,0.99,0.88
   3.12.3 ปุ๋ย,"7,034.8","8,273.4","3,528.9","2,581.1",19.41,17.61,33.17,-26.86,0.09,0.10,0.11,0.08
    (1) ปุ๋ยเคมีที่มีธาตุไนโตรเเจน ฟอสฟอรัสและโปรตัสเซียม สองหรือสามชนิดผสมกัน ,"3,578.3","3,362.8","1,420.0",902.7,19.46,-6.02,3.56,-36.43,0.04,0.04,0.04,0.03
    (2) ปุ๋ยเคมีที่มีธาตุไนโตรเจน,"2,864.0","4,360.2","1,829.8","1,422.5",37.81,52.24,86.52,-22.26,0.04,0.05,0.06,0.04
    (3) ปุ๋ยอื่นๆ,592.5,550.4,279.1,255.9,-27.51,-7.10,-6.25,-8.30,0.01,0.01,0.01,0.01
   3.12.4 สีทาและวาร์นิช และวัตถุแต่งสีอื่นๆ,"10,688.9","11,485.9","4,527.0","4,586.6",1.63,7.46,5.17,1.31,0.13,0.14,0.14,0.14
    (1) สีทาและวาร์นิช,"6,262.6","6,813.2","2,746.1","2,845.2",5.29,8.79,9.88,3.61,0.08,0.08,0.08,0.09
    (2) หมึกพิมพ์ หมึกเขียนหรือหมึกวาดภาพ,"1,008.4","1,027.6",401.5,481.4,1.17,1.90,-7.29,19.90,0.01,0.01,0.01,0.02
    (3) สีสำหรับงานวาด,93.9,107.9,56.4,30.4,-15.86,14.84,3.53,-46.18,0.00,0.00,0.00,0.00
    (4) สารสีและวัตถุแต่งสีอื่นๆ,"3,324.0","3,537.2","1,322.9","1,229.5",-3.98,6.42,0.38,-7.06,0.04,0.04,0.04,0.04
   3.12.5 สารสกัดใช้ในการฟอกหนังและย้อมสี,"10,644.0","10,090.3","4,018.1","3,918.1",-10.21,-5.20,-18.33,-2.49,0.13,0.12,0.12,0.12
   3.12.6 สารแอลบูมินอยด์,"4,238.5","4,038.9","1,630.7","1,668.4",8.35,-4.71,-15.44,2.31,0.05,0.05,0.05,0.05
    (1) กาวปรุงแต่งและสารยึดติดอื่นๆ,"2,459.7","2,097.7",836.5,884.9,24.08,-14.72,-28.51,5.79,0.03,0.03,0.03,0.03
    (2) สารแอลบูมินอยด์อื่นๆ,"1,778.8","1,941.2",794.2,783.5,-7.82,9.13,4.71,-1.35,0.02,0.02,0.02,0.02
   3.12.7 เคมีภัณฑ์เบ็ดเตล็ด,"34,205.1","35,378.4","14,789.0","15,662.5",13.71,3.43,13.51,5.91,0.43,0.44,0.45,0.49
    (1) สารฆ่าแมลง,"7,889.8","7,340.7","3,033.9","3,205.4",29.21,-6.96,-5.65,5.65,0.10,0.09,0.09,0.10
    (2) สารที่ใช้เป็นตัวเร่งสำหรับยางและพลาสติก,919.3,974.2,373.9,359.4,-1.72,5.97,-1.62,-3.86,0.01,0.01,0.01,0.01
    (3) เคมีภัณฑ์เบ็ดเตล็ดอื่นๆ,"25,396.0","27,063.6","11,381.3","12,097.7",10.22,6.57,20.65,6.30,0.32,0.33,0.35,0.38
  3.13 ดอกไม้ ใบไม้ และต้นไม้ประดิษฐ์,324.7,318.1,122.6,110.0,-10.23,-2.04,-15.66,-10.29,0.00,0.00,0.00,0.00
  3.14 รองเท้าและชิ้นส่วน,"21,154.5","20,094.4","8,103.3","8,265.2",-3.71,-5.01,-6.95,2.00,0.26,0.25,0.25,0.26
   3.14.1 รองเท้ากีฬา(พันคู่),906.2,615.3,242.6,221.8,-3.33,-32.11,-33.45,-8.57,0.01,0.01,0.01,0.01
   3.14.2 รองเท้าแตะ,"3,100.0","3,238.0","1,529.3","1,614.9",-4.02,4.45,-1.61,5.60,0.04,0.04,0.05,0.05
   3.14.3 รองเท้าหนัง(พันคู่),"9,729.2","9,726.1","3,668.5","3,458.3",1.73,-0.03,4.19,-5.73,0.12,0.12,0.11,0.11
   3.14.4 รองเท้าอื่นๆ(พันคู่),"6,312.6","5,562.8","2,317.6","2,473.6",-11.64,-11.88,-17.75,6.73,0.08,0.07,0.07,0.08
   3.14.5 ส่วนประกอบของรองเท้า,"1,106.6",952.2,345.4,496.6,1.13,-13.95,-23.40,43.78,0.01,0.01,0.01,0.02
  3.15 เครื่องใช้สำหรับเดินทาง,"9,939.4","12,696.3","5,313.9","6,195.2",-0.64,27.74,36.23,16.58,0.12,0.16,0.16,0.19
   3.15.1 กระเป๋าเดินทาง(พันชิ้น),"2,631.0","2,621.1","1,201.6","1,171.7",-5.68,-0.38,26.66,-2.49,0.03,0.03,0.04,0.04
   3.15.2 กระเป๋าถือ(พันชิ้น),"1,760.4","3,180.4","1,450.4","2,236.4",-12.75,80.67,78.30,54.19,0.02,0.04,0.04,0.07
   3.15.3 กระเป๋าใส่เศษสตางค์,"1,510.8","1,414.1",552.0,580.7,-18.48,-6.40,-14.69,5.19,0.02,0.02,0.02,0.02
   3.15.4 เครื่องเดินทางอื่น ๆ,"4,037.2","5,480.7","2,110.0","2,206.5",20.76,35.75,41.47,4.57,0.05,0.07,0.06,0.07
  3.16 หนังและผลิตภัณฑ์หนังฟอกและหนังอัด,"22,949.7","25,812.1","10,031.0","10,514.6",-8.44,12.47,6.23,4.82,0.29,0.32,0.30,0.33
   3.16.1 หนังโคกระบือฟอก,"2,879.9","5,346.7","2,023.0","1,435.7",53.48,85.65,120.25,-29.03,0.04,0.07,0.06,0.04
   3.16.2 ของเล่นสำหรับสัตว์เลี้ยง,467.1,262.1,128.6,97.1,-14.95,-43.88,-33.27,-24.49,0.01,0.00,0.00,0.00
   3.16.3 ถุงมือหนัง(พันคู่),"1,882.8","1,731.3",731.5,784.6,2.55,-8.05,-14.19,7.27,0.02,0.02,0.02,0.02
   3.16.4 เครื่องแต่งกายและเข็มขัด,119.0,283.2,127.0,170.2,24.49,137.98,113.90,34.08,0.00,0.00,0.00,0.01
   3.16.5 หนังและผลิตภัณฑ์หนังอื่น ๆ,"17,600.9","18,188.8","7,021.0","8,027.0",-15.01,3.34,-5.37,14.33,0.22,0.22,0.21,0.25
  3.17 ผลิตภัณฑ์ยาง,"346,897.5","353,442.9","139,449.2","145,281.2",50.46,1.89,-1.40,4.18,4.33,4.36,4.23,4.53
   (1)  ยางยานพาหนะ,"155,082.8","163,915.9","63,372.3","72,294.1",18.03,5.70,2.97,14.08,1.94,2.02,1.92,2.26
   (2)  ยางรัดของ,"2,455.9","2,307.0",949.7,868.5,14.62,-6.06,-7.47,-8.55,0.03,0.03,0.03,0.03
   (3)  ถุงมือยาง(พันคู่),"35,718.4","38,132.0","14,607.5","15,456.4",6.80,6.76,1.82,5.81,0.45,0.47,0.44,0.48
   (4)  หลอดและท่อ,"11,825.5","12,553.8","5,055.5","4,848.7",10.42,6.16,7.02,-4.09,0.15,0.15,0.15,0.15
   (5)  สายพานลำเลียงและส่งกำลัง,"5,404.2","5,048.3","2,161.2","1,600.4",8.80,-6.59,-3.39,-25.95,0.07,0.06,0.07,0.05
   (6)  ผลิตภัณฑ์ยางที่ใช้ทางเภสัชกรรม,"5,609.0","5,933.8","2,236.2","2,716.6",11.05,5.79,5.27,21.48,0.07,0.07,0.07,0.08
   (7)  ยางวัลแคไนซ์  ,"11,261.0","10,637.1","4,563.0","4,349.4",18.52,-5.54,-1.33,-4.68,0.14,0.13,0.14,0.14
   (8) ยางผสม(คอมพาวนด์),"11,276.6","11,503.9","5,246.6","3,263.8",-1.28,2.02,6.88,-37.79,0.14,0.14,0.16,0.10
   (9) ผลิตภัณฑ์ยางอื่น ๆ,"108,264.1","103,411.1","41,257.2","39,883.3",393.81,-4.48,-10.11,-3.33,1.35,1.28,1.25,1.24
  3.18 ผลิตภัณฑ์ปอ,77.7,54.6,25.9,71.1,-60.63,-29.74,-22.56,174.19,0.00,0.00,0.00,0.00
   (1)  กระสอบ,76.1,54.1,25.8,70.8,-61.12,-28.91,-21.52,174.57,0.00,0.00,0.00,0.00
   (2)  ด้ายและเชือก,1.5,0.0,,0.2,-8.71,-99.47,,,0.00,0.00,,0.00
   (3)  ผ้าผืนกระสอบ,0.1,0.5,0.1,0.1,83.02,248.96,29.41,-6.32,0.00,0.00,0.00,0.00
  3.19 ผลิตภัณฑ์เซรามิก,"19,408.8","20,541.4","8,353.6","8,969.4",-0.33,5.84,3.41,7.37,0.24,0.25,0.25,0.28
   (1)  กระเบื้องปูพื้น ปิดผนังและโมเสก(พันตรม.),"3,379.2","2,995.4","1,248.5","1,230.1",-7.31,-11.36,-13.42,-1.47,0.04,0.04,0.04,0.04
   (2)  เครื่องสุขภัณฑ์,"6,122.7","6,923.2","2,699.6","2,510.4",0.51,13.07,10.83,-7.01,0.08,0.09,0.08,0.08
   (3)  ลูกถ้วยไฟฟ้า,"1,027.6",996.2,394.1,269.0,-0.77,-3.06,-18.05,-31.73,0.01,0.01,0.01,0.01
   (4)  ของชำร่วยและเครื่องประดับ,517.5,537.3,209.2,228.6,0.53,3.81,3.72,9.27,0.01,0.01,0.01,0.01
   (5)  ผลิตภัณฑ์เซรามิกอื่น ๆ,"8,361.7","9,089.4","3,802.3","4,731.2",2.16,8.70,8.09,24.43,0.10,0.11,0.12,0.15
  3.20 เครื่องใช้บนโต๊ะอาหาร เครื่องครัว และของใช้ในบ้านเรือน,"25,686.2","25,488.8","9,710.8","9,832.7",-5.28,-0.77,-5.14,1.26,0.32,0.31,0.29,0.31
   3.20.1 ถ้วยชามทำด้วยเซรามิก,"7,324.3","6,758.3","2,649.3","2,556.8",-0.38,-7.73,-8.02,-3.49,0.09,0.08,0.08,0.08
   3.20.2 เครื่องใช้บนโต๊ะอาหาร เครื่องครัว ทำด้วยพลาสติก,"4,672.9","5,584.7","2,196.9","2,199.1",-6.28,19.51,17.26,0.10,0.06,0.07,0.07,0.07
   3.20.3 เครื่องใช้บนโต๊ะอาหาร เครื่องครัว ทำด้วยเหล็ก เหล็กกล้า,"3,762.8","3,934.2","1,592.3","1,384.8",-14.16,4.56,3.44,-13.03,0.05,0.05,0.05,0.04
   3.20.4 เครื่องแก้วใช้บนโต๊ะอาหาร ในครัว,"2,906.3","2,816.2","1,077.6",974.9,-2.84,-3.10,-9.61,-9.54,0.04,0.03,0.03,0.03
   3.20.5 เครื่องใช้บนโต๊ะอาหาร เครื่องครัว ทำด้วยโลหะมีค่า,599.7,540.7,199.4,232.7,-9.18,-9.85,-25.95,16.68,0.01,0.01,0.01,0.01
   3.20.6 เครื่องใช้บนโต๊ะอาหาร เครื่องครัว ทำด้วยอลูมิเนียม,"5,403.3","4,926.4","1,623.0","2,156.7",-19.66,-8.83,-20.55,32.88,0.07,0.06,0.05,0.07
   3.20.7 เครื่องใช้บนโต๊ะอาหาร เครื่องครัว หรือของใช้ตามบ้านเรือน ทำด้วยทองแดง,"1,017.0",928.4,372.1,327.6,"4,778.57",-8.71,-15.24,-11.95,0.01,0.01,0.01,0.01
  3.21 ยานพาหนะ อุปกรณ์และส่วนประกอบ,"1,160,422.2","1,205,099.6","503,014.6","465,040.2",1.83,3.85,8.50,-7.55,14.49,14.86,15.28,14.51
   3.21.1 รถยนต์ อุปกรณ์และส่วนประกอบ,"914,343.9","927,501.3","378,430.7","356,960.4",-0.98,1.44,4.97,-5.67,11.42,11.44,11.49,11.14
    (1) รถยนต์นั่ง,"366,197.1","356,694.9","151,753.2","132,487.6",-10.09,-2.59,9.29,-12.70,4.57,4.40,4.61,4.13
    (2) รถแวน(พันคัน),90.2,42.8,15.3,39.1,-80.94,-52.54,-76.37,155.25,0.00,0.00,0.00,0.00
    (3) รถปิคอัพ รถบัสและรถบรรทุก(พันคัน),"242,572.1","250,712.8","100,500.3","100,104.3",6.81,3.36,1.43,-0.39,3.03,3.09,3.05,3.12
    (4) ส่วนประกอบและอุปกรณ์รถยนต์,"305,484.5","320,050.7","126,161.9","124,329.5",5.88,4.77,3.00,-1.45,3.82,3.95,3.83,3.88
     (4.1) ชิ้นส่วนครบชุดรถยนต์นั่ง,"2,378.5","2,146.5",492.7,"1,052.7",-42.44,-9.75,-55.17,113.66,0.03,0.03,0.01,0.03
     (4.2) ชิ้นส่วนครบชุดรถแวน,,,,,,,,,,,,
     (4.3) ชิ้นส่วนครบชุดรถปิกอัพ รถบัสและรถบรรทุก,"6,832.9","4,840.9","1,640.8","3,126.6",180.22,-29.15,-56.30,90.56,0.09,0.06,0.05,0.10
     (4.4) ชุดสายไฟรถยนต์,"17,271.3","17,784.5","7,486.6","6,511.2",-1.34,2.97,6.20,-13.03,0.22,0.22,0.23,0.20
     (4.5) ส่วนประกอบและอุปกรณ์อื่น ๆ,"279,001.8","295,278.9","116,541.9","113,639.0",7.29,5.83,5.38,-2.49,3.48,3.64,3.54,3.55
   3.21.2 รถจักรยานยนต์และส่วนประกอบ,"69,752.3","67,843.7","29,168.0","33,188.1",17.29,-2.74,-6.39,13.78,0.87,0.84,0.89,1.04
    (1) รถจักรยานยนต์(พันคัน),"44,934.4","43,289.5","19,366.4","22,894.2",17.97,-3.66,-8.52,18.22,0.56,0.53,0.59,0.71
    (2) ส่วนประกอบรถจักรยานยนต์,"24,817.9","24,554.2","9,801.6","10,293.8",16.06,-1.06,-1.88,5.02,0.31,0.30,0.30,0.32
     (2.1) ชิ้นส่วนครบชุดสมบูรณ์,"6,042.8","4,182.2","1,548.1","1,751.8",38.22,-30.79,-34.69,13.15,0.08,0.05,0.05,0.05
     (2.2) ส่วนประกอบรถจักรยานยนต์อื่น ๆ,"18,775.1","20,372.0","8,253.4","8,542.0",10.36,8.51,8.33,3.50,0.23,0.25,0.25,0.27
   3.21.3 รถจักรยานและส่วนประกอบ,"2,889.5","2,348.1",937.5,976.4,-4.43,-18.74,-18.62,4.14,0.04,0.03,0.03,0.03
    (1) รถจักรยาน(พันคัน),"1,747.1","1,317.1",529.0,575.4,-1.58,-24.61,-20.20,8.78,0.02,0.02,0.02,0.02
    (2) ส่วนประกอบรถจักรยาน,"1,142.4","1,031.0",408.5,401.0,-8.48,-9.76,-16.49,-1.86,0.01,0.01,0.01,0.01
   3.21.4 เครื่องยนต์สันดาปภายในแบบลูกสูบและส่วนประกอบ,"146,132.2","168,465.5","72,685.8","60,171.0",14.06,15.28,22.44,-17.22,1.83,2.08,2.21,1.88
   3.21.5 เครื่องอุปกรณ์ไฟฟ้าสำหรับจุดระเบิดเครื่องยนต์ และส่วนประกอบ,"12,884.1","14,394.3","6,081.0","6,128.6",8.07,11.72,19.01,0.78,0.16,0.18,0.18,0.19
   3.21.6 ยานพาหนะอื่น ๆ และส่วนประกอบ,"14,420.2","24,546.7","15,711.6","7,615.8",5.58,70.22,147.92,-51.53,0.18,0.30,0.48,0.24
  3.22 ของเล่น,"6,835.6","7,222.3","2,450.4","2,861.8",-8.33,5.66,-14.09,16.79,0.09,0.09,0.07,0.09
   3.22.1 ของเล่นที่มีล้อ,57.5,87.6,35.8,29.4,-37.27,52.21,68.96,-17.90,0.00,0.00,0.00,0.00
   3.22.2 ตุ๊กตารูปคนและสัตว์,525.0,409.5,164.4,144.0,-8.40,-21.99,-29.37,-12.42,0.01,0.01,0.00,0.00
   3.22.3 ของเล่นอื่น ๆ,"6,253.1","6,725.2","2,250.1","2,688.4",-7.93,7.55,-13.40,19.48,0.08,0.08,0.07,0.08
  3.23 เครื่องกีฬาและเครื่องเล่มเกม,"16,216.6","16,044.6","6,705.7","6,593.5",-0.20,-1.06,-0.44,-1.67,0.20,0.20,0.20,0.21
   3.23.1 เครื่องกีฬาและเครื่องเล่นเกมสำหรับเล่นในห้อง (บิลเลียด วิดีโอเกม ไพ่ ฯลฯ),142.8,144.8,45.7,39.0,11.70,1.38,6.17,-14.65,0.00,0.00,0.00,0.00
   3.23.2 เครื่องกีฬาสำหรับเล่นกลางแจ้ง (สกี แบดมินตัน กอล์ฟ  เทนนิส ฯลฯ),"14,116.8","13,920.1","5,942.4","5,802.0",-1.49,-1.39,0.34,-2.36,0.18,0.17,0.18,0.18
   3.23.3 อุปกรณ์สำหรับตกปลาและล่าสัตว์อื่น ๆ,"1,957.1","1,979.7",717.5,752.4,9.24,1.16,-6.84,4.86,0.02,0.02,0.02,0.02
  3.24 ประทีปโคมไฟ,"3,226.4","2,558.0","1,061.9","1,013.0",-1.00,-20.72,-17.37,-4.61,0.04,0.03,0.03,0.03
  3.25 ของใช้ในเทศกาลและงานรื่นเริง,"1,462.6","1,583.4",385.0,418.2,-8.03,8.26,12.07,8.62,0.02,0.02,0.01,0.01
   3.25.1 ของใช้ในเทศกาลคริสต์มาส,"1,150.7","1,245.4",292.3,280.1,-3.46,8.23,17.16,-4.16,0.01,0.02,0.01,0.01
   3.25.2 ของใช้ในเทศกาลอี่น ๆ,311.9,338.0,92.8,138.1,-21.71,8.40,-1.41,48.88,0.00,0.00,0.00,0.00
  3.26 นาฬิกาและส่วนประกอบ,"18,705.7","21,865.1","8,423.5","15,004.8",1.61,16.89,14.05,78.13,0.23,0.27,0.26,0.47
   3.26.1 นาฬิกา,"10,477.8","12,323.2","4,644.2","11,589.8",-7.44,17.61,11.04,149.56,0.13,0.15,0.14,0.36
   3.26.2 ส่วนประกอบนาฬิกา,"8,227.9","9,542.0","3,779.4","3,414.9",16.07,15.97,17.98,-9.64,0.10,0.12,0.11,0.11
  3.27 เลนซ์,"50,585.3","52,476.4","20,554.6","20,660.3",1.78,3.74,-0.95,0.51,0.63,0.65,0.62,0.64
   3.27.1 เลนซ์แว่นตา,"31,264.4","32,358.7","13,382.3","13,066.4",1.32,3.50,0.41,-2.36,0.39,0.40,0.41,0.41
    (1) เลนซ์ที่ทำด้วยกระจก,253.2,84.3,81.0,1.5,-3.88,-66.72,-2.34,-98.20,0.00,0.00,0.00,0.00
    (2) เลนซ์ที่ทำด้วยวัสดุอื่นๆ(เมตริกตัน),"31,011.2","32,274.4","13,301.3","13,065.0",1.36,4.07,0.43,-1.78,0.39,0.40,0.40,0.41
   3.27.2 เลนซ์สำหรับกล้องถ่ายรูปและเครื่องฉาย,"16,539.2","15,946.3","6,007.8","5,548.3",3.47,-3.58,-6.11,-7.65,0.21,0.20,0.18,0.17
   3.27.3 เลนซ์อื่นๆ,"2,781.7","4,171.4","1,164.5","2,045.5",-2.65,49.96,13.65,75.65,0.03,0.05,0.04,0.06
  3.28 กล้องถ่ายรูปและอุปกรณ์,"4,706.8","5,044.1","1,857.4","1,631.5",-3.55,7.16,3.37,-12.16,0.06,0.06,0.06,0.05
   3.28.1 กล้องถ่ายรูป(พันชิ้น),"2,364.9","2,373.9",893.6,645.9,26.58,0.38,7.98,-27.72,0.03,0.03,0.03,0.02
   3.28.2 เครื่องไฟแฟลชและหลอดไฟแฟลช(พันชิ้น),717.9,853.7,350.3,275.8,36.15,18.92,45.13,-21.26,0.01,0.01,0.01,0.01
   3.28.3 ส่วนประกอบและอุปกรณ์กล้องถ่ายรูป,"1,624.1","1,816.4",613.5,709.8,-34.63,11.85,-15.72,15.70,0.02,0.02,0.02,0.02
  3.29 เครื่องสำอาง สบู่ และผลิตภัณฑ์รักษาผิว,"83,036.8","98,482.6","39,833.6","46,332.1",-2.16,18.60,20.70,16.31,1.04,1.21,1.21,1.45
   3.29.1 เครื่องสำอาง เครื่องหอมและสบู่,"64,716.3","78,918.7","31,836.0","38,215.6",-1.73,21.95,24.95,20.04,0.81,0.97,0.97,1.19
    (1) สิ่งปรุงแต่งที่ใช้แต่งหน้า หรือบำรุงผิว,"13,049.5","23,008.5","9,182.7","14,167.3",3.91,76.32,90.98,54.28,0.16,0.28,0.28,0.44
    (2) สิ่งปรุงแต่งสำหรับใช้กับผม,"25,058.1","26,522.9","10,645.5","10,673.5",-6.94,5.85,8.09,0.26,0.31,0.33,0.32,0.33
    (3) สิ่งปรุงแต่งเพื่ออนามัยในช่องปากและฟัน,"10,081.5","10,069.3","4,374.5","4,145.9",1.84,-0.12,1.75,-5.23,0.13,0.12,0.13,0.13
    (4) สิ่งปรุงแต่งที่ใช้โกนหนวด อาบน้ำและดับกลิ่นตัว,"8,447.4","8,118.3","3,364.2","3,788.3",-2.57,-3.90,-1.91,12.61,0.11,0.10,0.10,0.12
    (5) สบู่,"7,824.6","8,717.4","3,210.9","3,494.6",2.88,11.41,6.22,8.84,0.10,0.11,0.10,0.11
    (6) หัวน้ำหอมและน้ำหอม,255.3,"2,482.2","1,058.3","1,946.0",32.29,872.37,"1,416.75",83.89,0.00,0.03,0.03,0.06
   3.29.2 วัตถุดิบเพื่อใช้ทำเครื่องสำอาง,"18,320.5","19,563.9","7,997.6","8,116.5",-3.67,6.79,6.31,1.49,0.23,0.24,0.24,0.25
    (1) เอสเซนเชียลออยล์,539.4,579.6,216.2,243.6,4.22,7.46,8.51,12.67,0.01,0.01,0.01,0.01
    (2) ของผสมของสารที่มีกลิ่นหอม,"2,216.8","2,438.7",986.7,"1,189.1",-39.31,10.01,13.23,20.51,0.03,0.03,0.03,0.04
    (3) สิ่งปรุงแต่งที่ใช้หล่อลื่น,"1,131.0","1,350.0",496.3,583.5,17.09,19.36,7.76,17.57,0.01,0.02,0.02,0.02
    (4) ไขเทียมและไขปรุงแต่ง,"1,975.1","2,176.1",880.5,892.0,-5.51,10.18,3.98,1.31,0.02,0.03,0.03,0.03
    (5) สารอินทรีย์ที่เป็นตัวลดแรงตึงผิว,"12,458.3","13,019.5","5,417.9","5,208.3",5.64,4.50,5.31,-3.87,0.16,0.16,0.16,0.16
  3.30 หมวกและส่วนประกอบ,"2,301.8","2,530.9","1,057.1",953.6,6.62,9.95,11.17,-9.79,0.03,0.03,0.03,0.03
  3.31 เครื่องมือแพทย์และอุปกรณ์,"21,320.3","21,976.2","8,484.6","9,142.2",3.69,3.08,-2.24,7.75,0.27,0.27,0.26,0.29
  3.32 ผลิตภัณฑ์เภสัชภัณฑ์,"17,308.4","17,888.6","6,791.5","7,488.6",5.62,3.35,0.61,10.26,0.22,0.22,0.21,0.23
  3.33 ปูนซิเมนต์,"18,858.2","20,675.4","8,283.2","9,361.4",-12.87,9.64,-2.37,13.02,0.24,0.25,0.25,0.29
  3.34 หนังสือและสิ่งพิมพ์,"2,299.4","2,645.0","1,147.2",928.7,-2.58,15.03,28.96,-19.05,0.03,0.03,0.03,0.03
  3.35 เครื่องถ่ายเอกสาร ส่วนประกอบและอุปกรณ์,"6,657.3","5,052.2","2,207.0","1,934.3",-41.53,-24.11,-32.88,-12.36,0.08,0.06,0.07,0.06
  3.36 แก้วและกระจก,"20,816.2","20,629.3","7,884.5","8,111.7",12.33,-0.90,3.77,2.88,0.26,0.25,0.24,0.25
   3.36.1 กระเปาะแก้วและส่วนประกอบใช้ทำหลอด,651.2,486.4,211.5,205.9,-12.01,-25.31,-42.37,-2.69,0.01,0.01,0.01,0.01
   3.36.2 โพล์ตกลาสและแก้วที่ขัดผิว,"3,452.7","4,332.2","1,780.1","1,644.9",9.73,25.47,47.29,-7.59,0.04,0.05,0.05,0.05
   3.36.3 กระจกนิรภัย กระจกรถยนต์,"5,205.7","5,210.3","2,160.0","2,101.8",-10.14,0.09,-1.78,-2.69,0.07,0.06,0.07,0.07
   3.36.4 แก้วและกระจกอื่นๆ,"11,506.6","10,600.4","3,732.8","4,159.0",30.00,-7.88,-2.36,11.42,0.14,0.13,0.11,0.13
  3.37 ผลิตภัณฑ์เบ็ดเตล็ด,"14,335.0","14,238.4","5,745.7","5,227.8",-7.94,-0.67,-1.50,-9.01,0.18,0.18,0.17,0.16
   3.37.1 แปรงสีฟัน,"1,837.0","1,652.2",706.7,698.2,-5.24,-10.06,-2.62,-1.21,0.02,0.02,0.02,0.02
   3.37.2 ปากกาและดินสอ,"2,317.6","2,425.7",996.2,990.6,-9.01,4.66,0.78,-0.57,0.03,0.03,0.03,0.03
   3.37.3 เทียนไข,565.1,591.9,191.1,195.1,-14.64,4.75,6.51,2.06,0.01,0.01,0.01,0.01
   3.37.4 ไฟแช็ค,"1,153.8",864.9,384.0,397.4,-7.71,-25.04,-23.67,3.50,0.01,0.01,0.01,0.01
   3.37.5 หวี กี๊บหนีบผม,658.5,744.1,289.1,317.3,-13.67,13.00,1.56,9.75,0.01,0.01,0.01,0.01
   3.37.6 กระติกสูญญากาศและส่วนประกอบ,"4,532.3","4,253.5","1,641.7","1,186.1",-10.20,-6.15,-10.34,-27.75,0.06,0.05,0.05,0.04
   3.37.7 แปรงและอุปกรณ์ทำความสะอาด,856.9,970.5,367.1,380.5,23.14,13.26,13.74,3.65,0.01,0.01,0.01,0.01
   3.37.8 ผลิตภัณฑ์เบ็ดเตล็ดอื่นๆ,"2,413.7","2,735.5","1,169.8","1,062.6",-9.52,13.33,17.23,-9.16,0.03,0.03,0.04,0.03
  3.38 ผลิตภัณฑ์สังกะสี,822.3,804.5,311.4,328.8,22.71,-2.16,-10.99,5.58,0.01,0.01,0.01,0.01
  3.39 กระดาษและผลิตภัณฑ์กระดาษ,"59,626.5","62,244.1","25,377.0","23,209.1",2.12,4.39,6.65,-8.54,0.74,0.77,0.77,0.72
   3.39.1 กระดาษใช้สำหรับเขียน พิมพ์ หรือวัตถุประสงค์อื่นทางกราฟิก,"21,392.2","20,697.0","9,275.3","8,405.5",4.45,-3.25,2.35,-9.38,0.27,0.26,0.28,0.26
   3.39.2 กระดาษคราฟท์,"1,823.5","1,643.4",637.2,465.9,66.56,-9.87,12.83,-26.89,0.02,0.02,0.02,0.01
   3.39.3 กระดาษแข็ง,"13,446.1","15,086.9","5,812.4","5,121.7",8.30,12.20,16.19,-11.88,0.17,0.19,0.18,0.16
   3.39.4 กระดาษชำระ กระดาษเช็ดหน้า กระดาษอนามัย,"9,935.6","10,845.5","4,459.0","4,251.1",-7.81,9.16,10.76,-4.66,0.12,0.13,0.14,0.13
   3.39.5 บรรจุภัณฑ์กระดาษ (หีบ กล่อง ซองฯ),"7,910.9","8,151.9","2,873.6","2,923.5",5.03,3.05,-7.13,1.74,0.10,0.10,0.09,0.09
   3.39.6 กระดาษและผลิตภัณฑ์กระดาษอื่นๆ,"5,118.3","5,819.3","2,319.5","2,041.4",-15.90,13.70,13.35,-11.99,0.06,0.07,0.07,0.06
  3.40 ร่ม,131.4,123.7,63.4,50.2,6.45,-5.84,33.17,-20.87,0.00,0.00,0.00,0.00
  3.41 แม่พิมพ์หุ่นแบบหล่อโลหะ,"6,222.3","5,751.6","2,369.4","2,125.1",1.21,-7.56,1.35,-10.31,0.08,0.07,0.07,0.07
  3.42 ของเบ็ดเตล็ดทำด้วยโลหะสามัญ,"29,256.9","29,137.0","11,781.6","11,109.4",-3.11,-0.41,-3.01,-5.71,0.37,0.36,0.36,0.35
   3.42.1 กุญแจสายยู,"5,823.0","6,424.2","2,455.4","2,098.6",10.52,10.33,10.78,-14.53,0.07,0.08,0.07,0.07
   3.42.2 อุปกรณ์สำหรับยึดติด ทำด้วยโลหะ,"16,820.4","15,779.2","6,483.0","6,307.9",-3.92,-6.19,-9.88,-2.70,0.21,0.19,0.20,0.20
   3.42.3 ตู้นิรภัยและตู้เอกสาร,605.5,492.9,207.7,208.2,-11.94,-18.61,-27.99,0.21,0.01,0.01,0.01,0.01
   3.42.4 รูปหล่อโลหะขนาดเล็ก,597.1,580.3,263.5,208.8,4.03,-2.81,15.93,-20.76,0.01,0.01,0.01,0.01
   3.42.5 จุกและฝาเกลียว,"3,572.5","3,897.4","1,622.3","1,537.7",-9.40,9.10,12.29,-5.21,0.04,0.05,0.05,0.05
   3.42.6 ของเบ็ดเตล็ดอื่น ๆ ทำด้วยโลหะสามัญ,"1,838.4","1,962.9",749.7,748.2,-17.09,6.77,-3.39,-0.20,0.02,0.02,0.02,0.02
  3.43 เครื่องจักรกลและส่วนประกอบของเครื่องจักรกล,"256,241.5","262,831.5","107,390.6","95,312.6",5.12,2.57,5.40,-11.25,3.20,3.24,3.26,2.97
   3.43.1 เครื่องจักรใช้ในการแปรรูปยางหรือพลาสติก,"4,741.6","4,926.8","1,838.5","1,832.6",6.18,3.91,-3.40,-0.32,0.06,0.06,0.06,0.06
   3.43.2 เครื่องจักรสิ่งทอ,"5,119.4","5,303.8","2,084.7","1,950.0",11.62,3.60,3.82,-6.46,0.06,0.07,0.06,0.06
   3.43.3 ลิฟต์ บันไดเลื่อน และเครื่องจักรสำหรับลำเลียงขนย้าย,"12,335.8","13,639.5","5,986.1","5,051.9",-10.33,10.57,26.91,-15.61,0.15,0.17,0.18,0.16
   3.43.4 เครื่องจักรใช้ในอุตสาหกรรมการพิมพ์,"3,329.5","2,844.0","1,082.0","1,292.4",-42.54,-14.58,-22.66,19.45,0.04,0.04,0.03,0.04
   3.43.5 เครื่องสูบเชื้อเพลิง ของเหลว และเครื่องสูบลม,"49,685.0","58,707.1","26,502.6","20,886.2",-8.61,18.16,35.02,-21.19,0.62,0.72,0.80,0.65
   3.43.6 บอยเลอร์,812.7,626.8,299.5,452.8,-33.55,-22.88,-47.50,51.20,0.01,0.01,0.01,0.01
   3.43.7 เครื่องกังหันไอพ่นและกังหันอื่น ๆ,"15,611.5","12,163.5","4,707.5","4,674.7",-6.54,-22.09,-43.97,-0.70,0.19,0.15,0.14,0.15
   3.43.8 เครื่องจักรที่ใช้กรอง แยกของเหลวหรือก๊าซ,"28,732.1","20,582.0","8,136.4","8,564.1",46.74,-28.37,1.82,5.26,0.36,0.25,0.25,0.27
   3.43.9 เครื่องจักรที่ใช้ในการก่อสร้างและส่วนประกอบ,"39,126.4","47,266.0","18,628.1","15,455.7",27.11,20.80,29.92,-17.03,0.49,0.58,0.57,0.48
   3.43.10 เพลาส่งกำลังและข้อเหวี่ยง,"12,047.2","13,052.3","5,198.8","5,042.7",8.24,8.34,8.57,-3.00,0.15,0.16,0.16,0.16
   3.43.11 เครื่องวัดรอบ เครื่องบอกความเร็วและอุปกรณ์,"6,758.1","7,805.4","3,129.5","3,009.3",26.48,15.50,12.36,-3.84,0.08,0.10,0.10,0.09
   3.43.12 เครื่องจักรกลและส่วนประกอบอื่น ๆ,"77,942.2","75,914.3","29,796.9","27,100.2",2.53,-2.60,-10.67,-9.05,0.97,0.94,0.90,0.85
  3.44 อากาศยาน ยานอวกาศ และส่วนประกอบ(เมตริกตัน),"42,946.9","29,989.5","12,782.6","10,012.6",182.83,-30.17,-35.88,-21.67,0.54,0.37,0.39,0.31
  3.45 เครื่องดนตรีและส่วนประกอบ,727.4,730.0,301.9,279.8,-5.17,0.35,-0.61,-7.30,0.01,0.01,0.01,0.01
  3.46 อาวุธ กระสุน รวมทั้งส่วนประกอบ,"1,334.7",469.7,249.1,"59,863.8",100.30,-64.81,-78.13,"23,933.70",0.02,0.01,0.01,1.87
  3.47 ทองแดงและของทำด้วยทองแดง,"63,434.7","67,900.4","27,188.9","28,055.3",36.31,7.04,5.39,3.19,0.79,0.84,0.83,0.88
   3.47.1 หลอดหรือท่อและอุปกรณ์ติดตั้งของหลอดหรือท่อทองแดง,"9,342.4","10,902.1","4,754.3","4,750.6",-5.77,16.69,24.07,-0.08,0.12,0.13,0.14,0.15
   3.47.2 ฟอยล์ทำด้วยทองแดง,"4,658.1","1,954.7",810.0,741.3,149.07,-58.04,-77.58,-8.48,0.06,0.02,0.02,0.02
   3.47.3 ท่อนและเส้นทำด้วยทองแดง,"6,533.0","7,671.0","3,184.1","2,770.8",18.00,17.42,26.01,-12.98,0.08,0.09,0.10,0.09
   3.47.4 เศษและของที่ใช้ไม่ได้ที่เป็นทองแดง,"13,389.9","15,695.5","6,276.9","5,755.2",42.03,17.22,32.99,-8.31,0.17,0.19,0.19,0.18
   3.47.5 ทองแดงและของทำด้วยทองแดงอื่น ๆ,"29,511.2","31,677.1","12,163.6","14,037.5",49.12,7.34,9.50,15.41,0.37,0.39,0.37,0.44
  3.48 สินค้าอุตสาหกรรมอื่น ๆ,"231,862.4","203,569.4","77,405.5","74,772.2",-3.16,-12.20,-10.55,-3.40,2.90,2.51,2.35,2.33
 4. สินค้าแร่และเชื้อเพลิง,"292,697.0","356,305.3","134,724.6","121,213.6",24.68,21.73,22.63,-10.03,3.66,4.39,4.09,3.78
  4.1 ดีบุก,2.9,0.7,0.6,1.9,-55.55,-77.17,254.68,210.97,0.00,0.00,0.00,0.00
  4.2 แร่ยิบซัม,"6,094.6","5,914.0","2,509.3","2,309.7",-9.97,-2.96,-1.82,-7.95,0.08,0.07,0.08,0.07
  4.3 ก๊าซปิโตรเลียมเหลว,"4,356.7","7,007.3","2,904.2","2,068.8",220.03,60.84,108.57,-28.76,0.05,0.09,0.09,0.06
  4.4 ก๊าซธรรมชาติ,15.2,2.9,0.4,1.6,310.02,-81.14,-94.93,294.09,0.00,0.00,0.00,0.00
  4.5 สังกะสี,19.0,22.2,6.8,4.3,64.87,16.56,49.72,-35.97,0.00,0.00,0.00,0.00
  4.6 ตะกั่ว,0.1,0.0,0.0,0.1,"24,900.00",-93.47,,,0.00,0.00,0.00,0.00
  4.7 เฟลค์สปาร์,781.5,862.0,377.7,300.5,23.58,10.29,16.32,-20.44,0.01,0.01,0.01,0.01
  4.8 แบไรท์,290.6,149.9,55.4,47.3,-28.37,-48.42,-68.63,-14.62,0.00,0.00,0.00,0.00
  4.9 ฟลูออร์สปาร์,172.9,177.6,93.5,58.0,-18.76,2.71,48.49,-37.97,0.00,0.00,0.00,0.00
  4.10 สเตอวีไรต์,10.7,,,,,,,,0.00,,,
  4.11 น้ำมันดิบ(พันลิตร),"23,157.6","26,243.9","11,595.3","8,313.6",34.52,13.33,12.63,-28.30,0.29,0.32,0.35,0.26
  4.12 น้ำมันสำเร็จรูป,"242,352.1","298,921.3","109,816.0","100,059.9",25.39,23.34,23.70,-8.88,3.03,3.69,3.33,3.12
   4.12.1 น้ำมันเบนซิน(พันลิตร),"1,058.6","1,210.0",573.9,270.3,-94.52,14.29,17.10,-52.91,0.01,0.01,0.02,0.01
   4.12.2 น้ำมันดีเซล(พันลิตร),"81,771.8","104,092.8","34,176.8","33,527.3",21.85,27.30,43.99,-1.90,1.02,1.28,1.04,1.05
   4.12.3 น้ำมันก๊าด(พันลิตร),"10,774.3","17,841.6","5,298.3","6,558.7",61.24,65.59,71.18,23.79,0.13,0.22,0.16,0.20
   4.12.4 น้ำมันสำเร็จรูปอื่น ๆ(พันลิตร),"112,471.7","141,727.2","55,530.4","49,626.2",49.02,26.01,20.75,-10.63,1.40,1.75,1.69,1.55
   4.12.5 ปิโตรเลียมบิทูเมนและกากอื่น ๆ,"3,535.5","5,032.9","1,930.9","2,037.3",57.87,42.35,59.24,5.51,0.04,0.06,0.06,0.06
   4.12.6 น้ำมันที่กลั่นจากทาร์ของถ่านหิน,"32,740.1","29,016.9","12,305.6","8,040.2",45.75,-11.37,-13.66,-34.66,0.41,0.36,0.37,0.25
  4.13 สินค้าแร่และเชื้อเพลิงอื่น ๆ,"15,443.1","17,003.7","7,365.5","8,047.9",3.95,10.11,17.48,9.27,0.19,0.21,0.22,0.25
 5. อื่น ๆ (ธุรกรรมพิเศษ เช่น ของที่ออกไปกับตน),0.0,0.0,0.0,0.0,-100.00,,,,0.00,0.00,0.00,0.00
  ที่มา : ศูนย์เทคโนโลยีสารสนเทศและการสื่อสาร สำนักงานปลัดกระทรวงพาณิชย์ โดยความร่วมมือจากกรมศุลกากร,,,,,,,,,,,,
